Vendedor,ID,Title,Price,Currency,Category URL,Details URL,partner-name,Date,timestamp,image_url
547,5700382094080,Datterino Tomater,22.95,DKK,/frugt-og-groent#!/groentsager,https://mad.coop.dk/frugt-og-groent/groentsager/tomater/datterino-tomater-5700382094080,ccop.dk MAD,2019-10-08,2019-10-08 03:57:25,https://a.static-irma.dk/billeder/5700382094080/ProductDetail/datterino-tomater.png
547,5700380502907,Økologisk Agurk,8.50,DKK,/frugt-og-groent#!/groentsager,https://mad.coop.dk/frugt-og-groent/groentsager/agurk/oekologisk-agurk-5700380502907,ccop.dk MAD,2019-10-08,2019-10-08 03:57:25,https://d.static-irma.dk/billeder/5700380502907/ProductDetail/oekologisk-agurk.png
547,5750006340383,Økologiske Peberfrugter,17.95,DKK,/frugt-og-groent#!/groentsager,https://mad.coop.dk/frugt-og-groent/groentsager/peberfrugt/oekologiske-peberfrugter-5750006340383,ccop.dk MAD,2019-10-08,2019-10-08 03:57:25,https://d.static-irma.dk/billeder/5750006340383/ProductDetail/oekologiske-peberfrugter.png
547,5750006323393,Økologiske gulerødder,10.00,DKK,/frugt-og-groent#!/groentsager,https://mad.coop.dk/frugt-og-groent/groentsager/guleroedder/oekologiske-guleroedder-5750006323393,ccop.dk MAD,2019-10-08,2019-10-08 03:57:25,https://b.static-irma.dk/billeder/5750006323393/ProductDetail/oekologiske-guleroedder.png
547,5700382739325,Kartofler,10.00,DKK,/frugt-og-groent#!/groentsager,https://mad.coop.dk/frugt-og-groent/groentsager/kartofler/kartofler-5700382739325,ccop.dk MAD,2019-10-08,2019-10-08 03:57:25,https://b.static-irma.dk/billeder/5700382739325/ProductDetail/kartofler.png
547,5700383982126,Spidskål,18.00,DKK,/frugt-og-groent#!/groentsager,https://mad.coop.dk/frugt-og-groent/groentsager/kaal/spidskaal-5700383982126,ccop.dk MAD,2019-10-08,2019-10-08 03:57:25,https://c.static-irma.dk/billeder/5700383982126/ProductDetail/spidskaal.png
547,5750006343506,Tomater,27.95,DKK,/frugt-og-groent#!/groentsager,https://mad.coop.dk/frugt-og-groent/groentsager/tomater/tomater-5750006343506,ccop.dk MAD,2019-10-08,2019-10-08 03:57:25,https://c.static-irma.dk/billeder/5750006343506/ProductDetail/tomater.png
547,5700384395543,Modne Avocado,25.50,DKK,/frugt-og-groent#!/groentsager,https://mad.coop.dk/frugt-og-groent/groentsager/avocado/modne-avocado-5700384395543,ccop.dk MAD,2019-10-08,2019-10-08 03:57:25,https://d.static-irma.dk/billeder/5700384395543/ProductDetail/modne-avocado.png
547,5700381757511,Blomkål,20.95,DKK,/frugt-og-groent#!/groentsager,https://mad.coop.dk/frugt-og-groent/groentsager/kaal/blomkaal-5700381757511,ccop.dk MAD,2019-10-08,2019-10-08 03:57:25,https://d.static-irma.dk/billeder/5700381757511/ProductDetail/blomkaal.png
547,5700383118402,Små sprøde gulerødder,11.50,DKK,/frugt-og-groent#!/groentsager,https://mad.coop.dk/frugt-og-groent/groentsager/guleroedder/smaa-sproede-guleroedder-5700383118402,ccop.dk MAD,2019-10-08,2019-10-08 03:57:25,https://c.static-irma.dk/billeder/5700383118402/ProductDetail/smaa-sproede-guleroedder.png
547,5700382693450,Rød Peberfrugt,8.95,DKK,/frugt-og-groent#!/groentsager,https://mad.coop.dk/frugt-og-groent/groentsager/peberfrugt/roed-peberfrugt-5700382693450,ccop.dk MAD,2019-10-08,2019-10-08 03:57:25,https://c.static-irma.dk/billeder/5700382693450/ProductDetail/roed-peberfrugt.png
547,5700382449798, Økologiske Avocadoer,27.50,DKK,/frugt-og-groent#!/groentsager,https://mad.coop.dk/frugt-og-groent/groentsager/avocado/oekologiske-avocadoer-5700382449798,ccop.dk MAD,2019-10-08,2019-10-08 03:57:25,https://c.static-irma.dk/billeder/5700382449798/ProductDetail/oekologiske-avocadoer.png
547,5700383270889,Snackpeber,14.95,DKK,/frugt-og-groent#!/groentsager,https://mad.coop.dk/frugt-og-groent/groentsager/peberfrugt/snackpeber-5700383270889,ccop.dk MAD,2019-10-08,2019-10-08 03:57:25,https://b.static-irma.dk/billeder/5700383270889/ProductDetail/snackpeber.png
547,5700382880065,Økologiske Avocado,29.50,DKK,/frugt-og-groent#!/groentsager,https://mad.coop.dk/frugt-og-groent/groentsager/avocado/oekologiske-avocado-5700382880065,ccop.dk MAD,2019-10-08,2019-10-08 03:57:25,https://b.static-irma.dk/billeder/5700382880065/ProductDetail/oekologiske-avocado.png
547,5700382270910,Avocado,31.50,DKK,/frugt-og-groent#!/groentsager,https://mad.coop.dk/frugt-og-groent/groentsager/avocado/avocado-5700382270910,ccop.dk MAD,2019-10-08,2019-10-08 03:57:25,https://c.static-irma.dk/billeder/5700382270910/ProductDetail/avocado.png
547,5701243994815,Økologiske Brune Champignon,17.95,DKK,/frugt-og-groent#!/groentsager,https://mad.coop.dk/frugt-og-groent/groentsager/svampe/oekologiske-brune-champignon-5701243994815,ccop.dk MAD,2019-10-08,2019-10-08 03:57:25,https://d.static-irma.dk/billeder/5701243994815/ProductDetail/oekologiske-brune-champignon.png
547,5700384882302,Mix Tomater,20.95,DKK,/frugt-og-groent#!/groentsager,https://mad.coop.dk/frugt-og-groent/groentsager/tomater/mix-tomater-5700384882302,ccop.dk MAD,2019-10-08,2019-10-08 03:57:25,https://c.static-irma.dk/billeder/5700384882302/ProductDetail/mix-tomater.png
547,5700006329697,Økologiske Tomater ,12.50,DKK,/frugt-og-groent#!/groentsager,https://mad.coop.dk/frugt-og-groent/groentsager/tomater/oekologiske-tomater-5700006329697,ccop.dk MAD,2019-10-08,2019-10-08 03:57:25,https://b.static-irma.dk/billeder/5700006329697/ProductDetail/oekologiske-tomater.png
547,5700383840952,Bagekartofler,18.00,DKK,/frugt-og-groent#!/groentsager,https://mad.coop.dk/frugt-og-groent/groentsager/kartofler/bagekartofler-5700383840952,ccop.dk MAD,2019-10-08,2019-10-08 03:57:25,https://a.static-irma.dk/billeder/5700383840952/ProductDetail/bagekartofler.png
547,5750006339868,"Porrer, 3 stk.",19.00,DKK,/frugt-og-groent#!/groentsager,https://mad.coop.dk/frugt-og-groent/groentsager/loeg-og-porrer/porrer-5750006339868,ccop.dk MAD,2019-10-08,2019-10-08 03:57:25,https://a.static-irma.dk/billeder/5750006339868/ProductDetail/porrer.png
547,5700382724581,Broccoli,13.95,DKK,/frugt-og-groent#!/groentsager,https://mad.coop.dk/frugt-og-groent/groentsager/kaal/broccoli-5700382724581,ccop.dk MAD,2019-10-08,2019-10-08 03:57:25,https://b.static-irma.dk/billeder/5700382724581/ProductDetail/broccoli.png
547,5700383591045,Økologisk Courgette,9.50,DKK,/frugt-og-groent#!/groentsager,https://mad.coop.dk/frugt-og-groent/groentsager/squash/oekologisk-courgette-5700383591045,ccop.dk MAD,2019-10-08,2019-10-08 03:57:25,https://b.static-irma.dk/billeder/5700383591045/ProductDetail/oekologisk-courgette.png
547,5700381838555,Økologisk Agurk,8.00,DKK,/frugt-og-groent#!/groentsager,https://mad.coop.dk/frugt-og-groent/groentsager/agurk/oekologisk-agurk-5700381838555,ccop.dk MAD,2019-10-08,2019-10-08 03:57:25,https://d.static-irma.dk/billeder/5700381838555/ProductDetail/oekologisk-agurk.png
547,5750006327223,Knoldselleri,19.95,DKK,/frugt-og-groent#!/groentsager,https://mad.coop.dk/frugt-og-groent/groentsager/selleri/knoldselleri-5750006327223,ccop.dk MAD,2019-10-08,2019-10-08 03:57:25,https://d.static-irma.dk/billeder/5750006327223/ProductDetail/knoldselleri.png
547,5750006344084,Rødløg,17.95,DKK,/frugt-og-groent#!/groentsager,https://mad.coop.dk/frugt-og-groent/groentsager/loeg-og-porrer/roedloeg-5750006344084,ccop.dk MAD,2019-10-08,2019-10-08 03:57:25,https://a.static-irma.dk/billeder/5750006344084/ProductDetail/roedloeg.png
547,5700383201715,Kartofler,22.95,DKK,/frugt-og-groent#!/groentsager,https://mad.coop.dk/frugt-og-groent/groentsager/kartofler/kartofler-5700383201715,ccop.dk MAD,2019-10-08,2019-10-08 03:57:25,https://d.static-irma.dk/billeder/5700383201715/ProductDetail/kartofler.png
547,5700381292685,Søde Majskolber,6.50,DKK,/frugt-og-groent#!/groentsager,https://mad.coop.dk/frugt-og-groent/groentsager/majs/soede-majskolber-5700381292685,ccop.dk MAD,2019-10-08,2019-10-08 03:57:26,https://b.static-irma.dk/billeder/5700381292685/ProductDetail/soede-majskolber.png
547,5700380269572,Danske Løg ,10.00,DKK,/frugt-og-groent#!/groentsager,https://mad.coop.dk/frugt-og-groent/groentsager/loeg-og-porrer/danske-loeg-5700380269572,ccop.dk MAD,2019-10-08,2019-10-08 03:57:26,https://a.static-irma.dk/billeder/5700380269572/ProductDetail/danske-loeg.png
547,5700382497096,Agurk,8.00,DKK,/frugt-og-groent#!/groentsager,https://mad.coop.dk/frugt-og-groent/groentsager/agurk/agurk-5700382497096,ccop.dk MAD,2019-10-08,2019-10-08 03:57:26,https://a.static-irma.dk/billeder/5700382497096/ProductDetail/agurk.png
547,5710357010014,Agurk,9.00,DKK,/frugt-og-groent#!/groentsager,https://mad.coop.dk/frugt-og-groent/groentsager/agurk/agurk-5710357010014,ccop.dk MAD,2019-10-08,2019-10-08 03:57:26,https://c.static-irma.dk/billeder/5710357010014/ProductDetail/agurk.png
547,5700384217081,Bagekartofler,20.95,DKK,/frugt-og-groent#!/groentsager,https://mad.coop.dk/frugt-og-groent/groentsager/kartofler/bagekartofler-5700384217081,ccop.dk MAD,2019-10-08,2019-10-08 03:57:26,https://b.static-irma.dk/billeder/5700384217081/ProductDetail/bagekartofler.png
547,5700381172451,Dulcita Tomater,23.95,DKK,/frugt-og-groent#!/groentsager,https://mad.coop.dk/frugt-og-groent/groentsager/tomater/dulcita-tomater-5700381172451,ccop.dk MAD,2019-10-08,2019-10-08 03:57:26,https://d.static-irma.dk/billeder/5700381172451/ProductDetail/dulcita-tomater.png
547,5700382338535,Spinat i pose,20.95,DKK,/frugt-og-groent#!/groentsager,https://mad.coop.dk/frugt-og-groent/groentsager/salat-og-bladgroent/spinat-i-pose-5700382338535,ccop.dk MAD,2019-10-08,2019-10-08 03:57:26,https://d.static-irma.dk/billeder/5700382338535/ProductDetail/spinat-i-pose.png
547,5750006329289,Blomkål,17.95,DKK,/frugt-og-groent#!/groentsager,https://mad.coop.dk/frugt-og-groent/groentsager/kaal/blomkaal-5750006329289,ccop.dk MAD,2019-10-08,2019-10-08 03:57:26,https://b.static-irma.dk/billeder/5750006329289/ProductDetail/blomkaal.png
547,5700382617456,Søde Sukkerærter,16.95,DKK,/frugt-og-groent#!/groentsager,https://mad.coop.dk/frugt-og-groent/groentsager/baelgfrugter/soede-sukkeraerter-5700382617456,ccop.dk MAD,2019-10-08,2019-10-08 03:57:26,https://a.static-irma.dk/billeder/5700382617456/ProductDetail/soede-sukkeraerter.png
547,5700384502279,Grøn Peberfrugt,9.50,DKK,/frugt-og-groent#!/groentsager,https://mad.coop.dk/frugt-og-groent/groentsager/peberfrugt/groen-peberfrugt-5700384502279,ccop.dk MAD,2019-10-08,2019-10-08 03:57:26,https://d.static-irma.dk/billeder/5700384502279/ProductDetail/groen-peberfrugt.png
547,3000007029575,Økologiske Hvidløg,10.50,DKK,/frugt-og-groent#!/groentsager,https://mad.coop.dk/frugt-og-groent/groentsager/loeg-og-porrer/oekologiske-hvidloeg-3000007029575,ccop.dk MAD,2019-10-08,2019-10-08 03:57:26,https://d.static-irma.dk/billeder/3000007029575/ProductDetail/oekologiske-hvidloeg.png
547,5700381914167,Tomat,2.95,DKK,/frugt-og-groent#!/groentsager,https://mad.coop.dk/frugt-og-groent/groentsager/tomater/tomat-5700381914167,ccop.dk MAD,2019-10-08,2019-10-08 03:57:26,https://d.static-irma.dk/billeder/5700381914167/ProductDetail/tomat.png
547,5700382815340,Gulerødder,10.00,DKK,/frugt-og-groent#!/groentsager,https://mad.coop.dk/frugt-og-groent/groentsager/guleroedder/guleroedder-5700382815340,ccop.dk MAD,2019-10-08,2019-10-08 03:57:26,https://a.static-irma.dk/billeder/5700382815340/ProductDetail/guleroedder.png
547,5700384638138,Økologisk Avocado,19.95,DKK,/frugt-og-groent#!/groentsager,https://mad.coop.dk/frugt-og-groent/groentsager/avocado/oekologisk-avocado-5700384638138,ccop.dk MAD,2019-10-08,2019-10-08 03:57:26,https://c.static-irma.dk/billeder/5700384638138/ProductDetail/oekologisk-avocado.png
547,5700382729920,Spisekartofler ,15.00,DKK,/frugt-og-groent#!/groentsager,https://mad.coop.dk/frugt-og-groent/groentsager/kartofler/spisekartofler-5700382729920,ccop.dk MAD,2019-10-08,2019-10-08 03:57:26,https://a.static-irma.dk/billeder/5700382729920/ProductDetail/spisekartofler.png
547,5701243993450,Økologiske Champignon,16.50,DKK,/frugt-og-groent#!/groentsager,https://mad.coop.dk/frugt-og-groent/groentsager/svampe/oekologiske-champignon-5701243993450,ccop.dk MAD,2019-10-08,2019-10-08 03:57:26,https://c.static-irma.dk/billeder/5701243993450/ProductDetail/oekologiske-champignon.png
547,5700380354537,Bagekartoffel,5.50,DKK,/frugt-og-groent#!/groentsager,https://mad.coop.dk/frugt-og-groent/groentsager/kartofler/bagekartoffel-5700380354537,ccop.dk MAD,2019-10-08,2019-10-08 03:57:26,https://b.static-irma.dk/billeder/5700380354537/ProductDetail/bagekartoffel.png
547,5700382120284,Søde Kartofler,16.95,DKK,/frugt-og-groent#!/groentsager,https://mad.coop.dk/frugt-og-groent/groentsager/soede-kartofler/soede-kartofler-5700382120284,ccop.dk MAD,2019-10-08,2019-10-08 03:57:26,https://a.static-irma.dk/billeder/5700382120284/ProductDetail/soede-kartofler.png
547,5700383696054,Økologiske Champignon i Skiver,10.50,DKK,/frugt-og-groent#!/groentsager,https://mad.coop.dk/frugt-og-groent/groentsager/svampe/oekologiske-champignon-i-skiver-5700383696054,ccop.dk MAD,2019-10-08,2019-10-08 03:57:26,https://c.static-irma.dk/billeder/5700383696054/ProductDetail/oekologiske-champignon-i-skiver.png
547,5700384984211,Gulerødder,13.95,DKK,/frugt-og-groent#!/groentsager,https://mad.coop.dk/frugt-og-groent/groentsager/guleroedder/guleroedder-5700384984211,ccop.dk MAD,2019-10-08,2019-10-08 03:57:26,https://d.static-irma.dk/billeder/5700384984211/ProductDetail/guleroedder.png
547,5700383223458,Kartofler til mos ,14.95,DKK,/frugt-og-groent#!/groentsager,https://mad.coop.dk/frugt-og-groent/groentsager/kartofler/kartofler-til-mos-5700383223458,ccop.dk MAD,2019-10-08,2019-10-08 03:57:26,https://c.static-irma.dk/billeder/5700383223458/ProductDetail/kartofler-til-mos.png
547,5750006300721,Kartofler fra Vildmosen,20.95,DKK,/frugt-og-groent#!/groentsager,https://mad.coop.dk/frugt-og-groent/groentsager/kartofler/kartofler-fra-vildmosen-5750006300721,ccop.dk MAD,2019-10-08,2019-10-08 03:57:26,https://b.static-irma.dk/billeder/5750006300721/ProductDetail/kartofler-fra-vildmosen.png
547,5700383139230,Hjertesalat,14.95,DKK,/frugt-og-groent#!/groentsager,https://mad.coop.dk/frugt-og-groent/groentsager/salat-og-bladgroent/hjertesalat-5700383139230,ccop.dk MAD,2019-10-08,2019-10-08 03:57:26,https://c.static-irma.dk/billeder/5700383139230/ProductDetail/hjertesalat.png
547,5700380939437,"Rød Peber, 2 stk.",15.00,DKK,/frugt-og-groent#!/groentsager,https://mad.coop.dk/frugt-og-groent/groentsager/peberfrugt/roed-peber-5700380939437,ccop.dk MAD,2019-10-08,2019-10-08 03:57:26,https://b.static-irma.dk/billeder/5700380939437/ProductDetail/roed-peber.png
547,5700381039631,Økologisk Aubergine,11.50,DKK,/frugt-og-groent#!/groentsager,https://mad.coop.dk/frugt-og-groent/groentsager/graeskar-og-aubergine/oekologisk-aubergine-5700381039631,ccop.dk MAD,2019-10-08,2019-10-08 03:57:26,https://d.static-irma.dk/billeder/5700381039631/ProductDetail/oekologisk-aubergine.png
547,5700380138441,Fennikel ,16.95,DKK,/frugt-og-groent#!/groentsager,https://mad.coop.dk/frugt-og-groent/groentsager/loeg-og-porrer/fennikel-5700380138441,ccop.dk MAD,2019-10-08,2019-10-08 03:57:26,https://b.static-irma.dk/billeder/5700380138441/ProductDetail/fennikel.png
547,5700383938901,Porrer,14.00,DKK,/frugt-og-groent#!/groentsager,https://mad.coop.dk/frugt-og-groent/groentsager/loeg-og-porrer/porrer-5700383938901,ccop.dk MAD,2019-10-08,2019-10-08 03:57:26,https://b.static-irma.dk/billeder/5700383938901/ProductDetail/porrer.png
547,5700382004812,Portobello svampe,23.95,DKK,/frugt-og-groent#!/groentsager,https://mad.coop.dk/frugt-og-groent/groentsager/svampe/portobello-svampe-5700382004812,ccop.dk MAD,2019-10-08,2019-10-08 03:57:26,https://a.static-irma.dk/billeder/5700382004812/ProductDetail/portobello-svampe.png
547,5750006343148,Bladselleri,14.95,DKK,/frugt-og-groent#!/groentsager,https://mad.coop.dk/frugt-og-groent/groentsager/spirer-radiser-og-staengler/bladselleri-5750006343148,ccop.dk MAD,2019-10-08,2019-10-08 03:57:26,https://a.static-irma.dk/billeder/5750006343148/ProductDetail/bladselleri.png
547,5700383269562,Brune Champignon ,15.00,DKK,/frugt-og-groent#!/groentsager,https://mad.coop.dk/frugt-og-groent/groentsager/svampe/brune-champignon-5700383269562,ccop.dk MAD,2019-10-08,2019-10-08 03:57:26,https://c.static-irma.dk/billeder/5700383269562/ProductDetail/brune-champignon.png
547,5750006304415,Aspargeskartofler,22.00,DKK,/frugt-og-groent#!/groentsager,https://mad.coop.dk/frugt-og-groent/groentsager/kartofler/aspargeskartofler-5750006304415,ccop.dk MAD,2019-10-08,2019-10-08 03:57:26,https://d.static-irma.dk/billeder/5750006304415/ProductDetail/aspargeskartofler.png
547,5700382938933,Grønkål,20.95,DKK,/frugt-og-groent#!/groentsager,https://mad.coop.dk/frugt-og-groent/groentsager/kaal/groenkaal-5700382938933,ccop.dk MAD,2019-10-08,2019-10-08 03:57:26,https://b.static-irma.dk/billeder/5700382938933/ProductDetail/groenkaal.png
547,5700382374120,Økologiske Tomater,12.00,DKK,/frugt-og-groent#!/groentsager,https://mad.coop.dk/frugt-og-groent/groentsager/tomater/oekologiske-tomater-5700382374120,ccop.dk MAD,2019-10-08,2019-10-08 03:57:26,https://a.static-irma.dk/billeder/5700382374120/ProductDetail/oekologiske-tomater.png
547,5700381232315,Små kartofler,15.95,DKK,/frugt-og-groent#!/groentsager,https://mad.coop.dk/frugt-og-groent/groentsager/kartofler/smaa-kartofler-5700381232315,ccop.dk MAD,2019-10-08,2019-10-08 03:57:26,https://d.static-irma.dk/billeder/5700381232315/ProductDetail/smaa-kartofler.png
547,5700382619382,Skalotteløg,19.95,DKK,/frugt-og-groent#!/groentsager,https://mad.coop.dk/frugt-og-groent/groentsager/loeg-og-porrer/skalotteloeg-5700382619382,ccop.dk MAD,2019-10-08,2019-10-08 03:57:26,https://c.static-irma.dk/billeder/5700382619382/ProductDetail/skalotteloeg.png
547,5700381063797,Peberfrugter,26.50,DKK,/frugt-og-groent#!/groentsager,https://mad.coop.dk/frugt-og-groent/groentsager/peberfrugt/peberfrugter-5700381063797,ccop.dk MAD,2019-10-08,2019-10-08 03:57:26,https://b.static-irma.dk/billeder/5700381063797/ProductDetail/peberfrugter.png
547,5700381547785,Rodfrugter,19.95,DKK,/frugt-og-groent#!/groentsager,https://mad.coop.dk/frugt-og-groent/groentsager/guleroedder/rodfrugter-5700381547785,ccop.dk MAD,2019-10-08,2019-10-08 03:57:26,https://b.static-irma.dk/billeder/5700381547785/ProductDetail/rodfrugter.png
547,5700383878061,San Marzano Tomater,18.95,DKK,/frugt-og-groent#!/groentsager,https://mad.coop.dk/frugt-og-groent/groentsager/tomater/san-marzano-tomater-5700383878061,ccop.dk MAD,2019-10-08,2019-10-08 03:57:26,https://b.static-irma.dk/billeder/5700383878061/ProductDetail/san-marzano-tomater.png
547,5700382653447,Gulerødder ,19.00,DKK,/frugt-og-groent#!/groentsager,https://mad.coop.dk/frugt-og-groent/groentsager/guleroedder/guleroedder-5700382653447,ccop.dk MAD,2019-10-08,2019-10-08 03:57:26,https://d.static-irma.dk/billeder/5700382653447/ProductDetail/guleroedder.png
547,5700382855476,Gul Peberfrugt,9.50,DKK,/frugt-og-groent#!/groentsager,https://mad.coop.dk/frugt-og-groent/groentsager/peberfrugt/gul-peberfrugt-5700382855476,ccop.dk MAD,2019-10-08,2019-10-08 03:57:26,https://a.static-irma.dk/billeder/5700382855476/ProductDetail/gul-peberfrugt.png
547,5750006344893,Iceberg Salat ,12.50,DKK,/frugt-og-groent#!/groentsager,https://mad.coop.dk/frugt-og-groent/groentsager/salat-og-bladgroent/iceberg-salat-5750006344893,ccop.dk MAD,2019-10-08,2019-10-08 03:57:26,https://b.static-irma.dk/billeder/5750006344893/ProductDetail/iceberg-salat.png
547,5700383389277,"Danske Majs , 2 stk.",18.00,DKK,/frugt-og-groent#!/groentsager,https://mad.coop.dk/frugt-og-groent/groentsager/majs/danske-majs-5700383389277,ccop.dk MAD,2019-10-08,2019-10-08 03:57:26,https://b.static-irma.dk/billeder/5700383389277/ProductDetail/danske-majs.png
547,5700382943425,Radiser,7.00,DKK,/frugt-og-groent#!/groentsager,https://mad.coop.dk/frugt-og-groent/groentsager/spirer-radiser-og-staengler/radiser-5700382943425,ccop.dk MAD,2019-10-08,2019-10-08 03:57:26,https://b.static-irma.dk/billeder/5700382943425/ProductDetail/radiser.png
547,5700383630942,Søde kartofler,22.95,DKK,/frugt-og-groent#!/groentsager,https://mad.coop.dk/frugt-og-groent/groentsager/soede-kartofler/soede-kartofler-5700383630942,ccop.dk MAD,2019-10-08,2019-10-08 03:57:26,https://c.static-irma.dk/billeder/5700383630942/ProductDetail/soede-kartofler.png
547,5700384246913,Iceberg Salat,11.50,DKK,/frugt-og-groent#!/groentsager,https://mad.coop.dk/frugt-og-groent/groentsager/salat-og-bladgroent/iceberg-salat-5700384246913,ccop.dk MAD,2019-10-08,2019-10-08 03:57:26,https://b.static-irma.dk/billeder/5700384246913/ProductDetail/iceberg-salat.png
547,5700383509583,Grønne Asparges,21.95,DKK,/frugt-og-groent#!/groentsager,https://mad.coop.dk/frugt-og-groent/groentsager/spirer-radiser-og-staengler/groenne-asparges-5700383509583,ccop.dk MAD,2019-10-08,2019-10-08 03:57:26,https://d.static-irma.dk/billeder/5700383509583/ProductDetail/groenne-asparges.png
547,5750006327728,Rødbeder,12.50,DKK,/frugt-og-groent#!/groentsager,https://mad.coop.dk/frugt-og-groent/groentsager/beder/roedbeder-5750006327728,ccop.dk MAD,2019-10-08,2019-10-08 03:57:26,https://a.static-irma.dk/billeder/5750006327728/ProductDetail/roedbeder.png
547,5700381534129,Blandede beder,20.95,DKK,/frugt-og-groent#!/groentsager,https://mad.coop.dk/frugt-og-groent/groentsager/beder/blandede-beder-5700381534129,ccop.dk MAD,2019-10-08,2019-10-08 03:57:26,https://b.static-irma.dk/billeder/5700381534129/ProductDetail/blandede-beder.png
547,5700380796726,Palmekål,20.95,DKK,/frugt-og-groent#!/groentsager,https://mad.coop.dk/frugt-og-groent/groentsager/kaal/palmekaal-5700380796726,ccop.dk MAD,2019-10-08,2019-10-08 03:57:26,https://c.static-irma.dk/billeder/5700380796726/ProductDetail/palmekaal.png
547,8430543000427,Tomater,10.50,DKK,/frugt-og-groent#!/groentsager,https://mad.coop.dk/frugt-og-groent/groentsager/tomater/tomater-8430543000427,ccop.dk MAD,2019-10-08,2019-10-08 03:57:26,https://d.static-irma.dk/billeder/8430543000427/ProductDetail/tomater.png
547,5700384090615,Aspargesbroccoli,20.95,DKK,/frugt-og-groent#!/groentsager,https://mad.coop.dk/frugt-og-groent/groentsager/kaal/aspargesbroccoli-5700384090615,ccop.dk MAD,2019-10-08,2019-10-08 03:57:26,https://d.static-irma.dk/billeder/5700384090615/ProductDetail/aspargesbroccoli.png
547,7290002766315,Cherrytomater ,20.95,DKK,/frugt-og-groent#!/groentsager,https://mad.coop.dk/frugt-og-groent/groentsager/tomater/cherrytomater-7290002766315,ccop.dk MAD,2019-10-08,2019-10-08 03:57:26,https://d.static-irma.dk/billeder/7290002766315/ProductDetail/cherrytomater.png
547,5700384595233,Gulerodsmix,19.95,DKK,/frugt-og-groent#!/groentsager,https://mad.coop.dk/frugt-og-groent/groentsager/guleroedder/gulerodsmix-5700384595233,ccop.dk MAD,2019-10-08,2019-10-08 03:57:26,https://b.static-irma.dk/billeder/5700384595233/ProductDetail/gulerodsmix.png
547,5750006326790,"Mini Romaine salat, 2",11.50,DKK,/frugt-og-groent#!/groentsager,https://mad.coop.dk/frugt-og-groent/groentsager/salat-og-bladgroent/mini-romaine-salat-5750006326790,ccop.dk MAD,2019-10-08,2019-10-08 03:57:26,https://c.static-irma.dk/billeder/5750006326790/ProductDetail/mini-romaine-salat.png
547,5700381864097,Rød krølsalat,18.95,DKK,/frugt-og-groent#!/groentsager,https://mad.coop.dk/frugt-og-groent/groentsager/salat-og-bladgroent/roed-kroelsalat-5700381864097,ccop.dk MAD,2019-10-08,2019-10-08 03:57:26,https://b.static-irma.dk/billeder/5700381864097/ProductDetail/roed-kroelsalat.png
547,5750006325465,Rosenkål,18.95,DKK,/frugt-og-groent#!/groentsager,https://mad.coop.dk/frugt-og-groent/groentsager/kaal/rosenkaal-5750006325465,ccop.dk MAD,2019-10-08,2019-10-08 03:57:26,https://b.static-irma.dk/billeder/5750006325465/ProductDetail/rosenkaal.png
547,5700381426813,Snackpeber,19.00,DKK,/frugt-og-groent#!/groentsager,https://mad.coop.dk/frugt-og-groent/groentsager/peberfrugt/snackpeber-5700381426813,ccop.dk MAD,2019-10-08,2019-10-08 03:57:26,https://b.static-irma.dk/billeder/5700381426813/ProductDetail/snackpeber.png
547,5700380739495,Pastinak,14.00,DKK,/frugt-og-groent#!/groentsager,https://mad.coop.dk/frugt-og-groent/groentsager/jordskokker-og-pastinak/pastinak-5700380739495,ccop.dk MAD,2019-10-08,2019-10-08 03:57:26,https://d.static-irma.dk/billeder/5700380739495/ProductDetail/pastinak.png
547,5750006314001,Bladselleri,13.50,DKK,/frugt-og-groent#!/groentsager,https://mad.coop.dk/frugt-og-groent/groentsager/selleri/bladselleri-5750006314001,ccop.dk MAD,2019-10-08,2019-10-08 03:57:26,https://b.static-irma.dk/billeder/5750006314001/ProductDetail/bladselleri.png
547,5750006344138,Katrine & Alfreds Tomater,25.95,DKK,/frugt-og-groent#!/groentsager,https://mad.coop.dk/frugt-og-groent/groentsager/tomater/katrine-og-alfreds-tomater-5750006344138,ccop.dk MAD,2019-10-08,2019-10-08 03:57:26,https://c.static-irma.dk/billeder/5750006344138/ProductDetail/katrine-og-alfreds-tomater.png
547,5750006342707,Hokkaido Græskar,17.00,DKK,/frugt-og-groent#!/groentsager,https://mad.coop.dk/frugt-og-groent/groentsager/graeskar-og-aubergine/hokkaido-graeskar-5750006342707,ccop.dk MAD,2019-10-08,2019-10-08 03:57:26,https://d.static-irma.dk/billeder/5750006342707/ProductDetail/hokkaido-graeskar.png
547,5700384439759,Forårsløg,8.50,DKK,/frugt-og-groent#!/groentsager,https://mad.coop.dk/frugt-og-groent/groentsager/loeg-og-porrer/foraarsloeg-5700384439759,ccop.dk MAD,2019-10-08,2019-10-08 03:57:26,https://d.static-irma.dk/billeder/5700384439759/ProductDetail/foraarsloeg.png
547,5700381234340,"Skoleagurker, 3",12.50,DKK,/frugt-og-groent#!/groentsager,https://mad.coop.dk/frugt-og-groent/groentsager/agurk/skoleagurker-5700381234340,ccop.dk MAD,2019-10-08,2019-10-08 03:57:26,https://a.static-irma.dk/billeder/5700381234340/ProductDetail/skoleagurker.png
547,5700383779979,Økologiske gulerødder,15.95,DKK,/frugt-og-groent#!/groentsager,https://mad.coop.dk/frugt-og-groent/groentsager/guleroedder/oekologiske-guleroedder-5700383779979,ccop.dk MAD,2019-10-08,2019-10-08 03:57:26,https://d.static-irma.dk/billeder/5700383779979/ProductDetail/oekologiske-guleroedder.png
547,5700381034544,Svampemix,22.95,DKK,/frugt-og-groent#!/groentsager,https://mad.coop.dk/frugt-og-groent/groentsager/svampe/svampemix-5700381034544,ccop.dk MAD,2019-10-08,2019-10-08 03:57:26,https://a.static-irma.dk/billeder/5700381034544/ProductDetail/svampemix.png
547,5700381641629,Økologisk Ingefær,22.95,DKK,/frugt-og-groent#!/groentsager,https://mad.coop.dk/frugt-og-groent/groentsager/gurkemejerod-og-ingefaer/oekologisk-ingefaer-5700381641629,ccop.dk MAD,2019-10-08,2019-10-08 03:57:26,https://b.static-irma.dk/billeder/5700381641629/ProductDetail/oekologisk-ingefaer.png
547,5700384086717,Økologisk Ingefær,9.00,DKK,/frugt-og-groent#!/groentsager,https://mad.coop.dk/frugt-og-groent/groentsager/gurkemejerod-og-ingefaer/oekologisk-ingefaer-5700384086717,ccop.dk MAD,2019-10-08,2019-10-08 03:57:26,https://b.static-irma.dk/billeder/5700384086717/ProductDetail/oekologisk-ingefaer.png
547,5700382296460,Sprød grønkål,21.00,DKK,/frugt-og-groent#!/groentsager,https://mad.coop.dk/frugt-og-groent/groentsager/kaal/sproed-groenkaal-5700382296460,ccop.dk MAD,2019-10-08,2019-10-08 03:57:26,https://a.static-irma.dk/billeder/5700382296460/ProductDetail/sproed-groenkaal.png
547,5700380222096,Rødbeder,13.95,DKK,/frugt-og-groent#!/groentsager,https://mad.coop.dk/frugt-og-groent/groentsager/beder/roedbeder-5700380222096,ccop.dk MAD,2019-10-08,2019-10-08 03:57:26,https://a.static-irma.dk/billeder/5700380222096/ProductDetail/roedbeder.png
547,5700382000265,Butternut græskar,20.95,DKK,/frugt-og-groent#!/groentsager,https://mad.coop.dk/frugt-og-groent/groentsager/graeskar-og-aubergine/butternut-graeskar-5700382000265,ccop.dk MAD,2019-10-08,2019-10-08 03:57:26,https://b.static-irma.dk/billeder/5700382000265/ProductDetail/butternut-graeskar.png
547,5700384318719,Hvidløg,10.50,DKK,/frugt-og-groent#!/groentsager,https://mad.coop.dk/frugt-og-groent/groentsager/loeg-og-porrer/hvidloeg-5700384318719,ccop.dk MAD,2019-10-08,2019-10-08 03:57:26,https://d.static-irma.dk/billeder/5700384318719/ProductDetail/hvidloeg.png
547,5750006340680,Savoykål,20.00,DKK,/frugt-og-groent#!/groentsager,https://mad.coop.dk/frugt-og-groent/groentsager/kaal/savoykaal-5750006340680,ccop.dk MAD,2019-10-08,2019-10-08 03:57:26,https://a.static-irma.dk/billeder/5750006340680/ProductDetail/savoykaal.png
547,5700382507207,Økologisk Gurkemejerod,20.00,DKK,/frugt-og-groent#!/groentsager,https://mad.coop.dk/frugt-og-groent/groentsager/gurkemejerod-og-ingefaer/oekologisk-gurkemejerod-5700382507207,ccop.dk MAD,2019-10-08,2019-10-08 03:57:26,https://d.static-irma.dk/billeder/5700382507207/ProductDetail/oekologisk-gurkemejerod.png
547,5700381830474,Rødløg,9.50,DKK,/frugt-og-groent#!/groentsager,https://mad.coop.dk/frugt-og-groent/groentsager/loeg-og-porrer/roedloeg-5700381830474,ccop.dk MAD,2019-10-08,2019-10-08 03:57:26,https://c.static-irma.dk/billeder/5700381830474/ProductDetail/roedloeg.png
547,5700380187197,Romaine Salat,18.95,DKK,/frugt-og-groent#!/groentsager,https://mad.coop.dk/frugt-og-groent/groentsager/salat-og-bladgroent/romaine-salat-5700380187197,ccop.dk MAD,2019-10-08,2019-10-08 03:57:26,https://b.static-irma.dk/billeder/5700380187197/ProductDetail/romaine-salat.png
547,5700383293239,Peberfrugtmix,18.00,DKK,/frugt-og-groent#!/groentsager,https://mad.coop.dk/frugt-og-groent/groentsager/peberfrugt/peberfrugtmix-5700383293239,ccop.dk MAD,2019-10-08,2019-10-08 03:57:26,https://d.static-irma.dk/billeder/5700383293239/ProductDetail/peberfrugtmix.png
547,5750006327568,Friske Spinatblade,17.95,DKK,/frugt-og-groent#!/groentsager,https://mad.coop.dk/frugt-og-groent/groentsager/salat-og-bladgroent/friske-spinatblade-5750006327568,ccop.dk MAD,2019-10-08,2019-10-08 03:57:26,https://a.static-irma.dk/billeder/5750006327568/ProductDetail/friske-spinatblade.png
547,5750006323072,Peberrod Hel,17.95,DKK,/frugt-og-groent#!/groentsager,https://mad.coop.dk/frugt-og-groent/groentsager/peberrod/peberrod-hel-5750006323072,ccop.dk MAD,2019-10-08,2019-10-08 03:57:26,https://a.static-irma.dk/billeder/5750006323072/ProductDetail/peberrod-hel.png
547,5700380988244,Hvidkål,14.95,DKK,/frugt-og-groent#!/groentsager,https://mad.coop.dk/frugt-og-groent/groentsager/kaal/hvidkaal-5700380988244,ccop.dk MAD,2019-10-08,2019-10-08 03:57:26,https://a.static-irma.dk/billeder/5700380988244/ProductDetail/hvidkaal.png
547,5700381341932,Haricots Verts,15.00,DKK,/frugt-og-groent#!/groentsager,https://mad.coop.dk/frugt-og-groent/groentsager/baelgfrugter/haricots-verts-5700381341932,ccop.dk MAD,2019-10-08,2019-10-08 03:57:26,https://a.static-irma.dk/billeder/5700381341932/ProductDetail/haricots-verts.png
547,5700381594451,Kejserhatte,29.50,DKK,/frugt-og-groent#!/groentsager,https://mad.coop.dk/frugt-og-groent/groentsager/svampe/kejserhatte-5700381594451,ccop.dk MAD,2019-10-08,2019-10-08 03:57:26,https://d.static-irma.dk/billeder/5700381594451/ProductDetail/kejserhatte.png
547,5700381905097,Økologisk Napolitana,9.50,DKK,/frugt-og-groent#!/groentsager,https://mad.coop.dk/frugt-og-groent/groentsager/salat-og-bladgroent/oekologisk-napolitana-5700381905097,ccop.dk MAD,2019-10-08,2019-10-08 03:57:26,https://b.static-irma.dk/billeder/5700381905097/ProductDetail/oekologisk-napolitana.png
547,5700382391622,Spidskål,13.95,DKK,/frugt-og-groent#!/groentsager,https://mad.coop.dk/frugt-og-groent/groentsager/kaal/spidskaal-5700382391622,ccop.dk MAD,2019-10-08,2019-10-08 03:57:26,https://c.static-irma.dk/billeder/5700382391622/ProductDetail/spidskaal.png
547,5701243998097,Salatkål,22.95,DKK,/frugt-og-groent#!/groentsager,https://mad.coop.dk/frugt-og-groent/groentsager/kaal/salatkaal-5701243998097,ccop.dk MAD,2019-10-08,2019-10-08 03:57:26,https://b.static-irma.dk/billeder/5701243998097/ProductDetail/salatkaal.png
547,5700383139469,Hvidkål ,20.95,DKK,/frugt-og-groent#!/groentsager,https://mad.coop.dk/frugt-og-groent/groentsager/kaal/hvidkaal-5700383139469,ccop.dk MAD,2019-10-08,2019-10-08 03:57:26,https://b.static-irma.dk/billeder/5700383139469/ProductDetail/hvidkaal.png
547,5700383301392,Rødkål,20.95,DKK,/frugt-og-groent#!/groentsager,https://mad.coop.dk/frugt-og-groent/groentsager/kaal/roedkaal-5700383301392,ccop.dk MAD,2019-10-08,2019-10-08 03:57:26,https://a.static-irma.dk/billeder/5700383301392/ProductDetail/roedkaal.png
547,5700383329464,Rodfrugtmix,20.95,DKK,/frugt-og-groent#!/groentsager,https://mad.coop.dk/frugt-og-groent/groentsager/guleroedder/rodfrugtmix-5700383329464,ccop.dk MAD,2019-10-08,2019-10-08 03:57:26,https://a.static-irma.dk/billeder/5700383329464/ProductDetail/rodfrugtmix.png
547,5750006327933,Dansk agurk ,10.50,DKK,/frugt-og-groent#!/groentsager,https://mad.coop.dk/frugt-og-groent/groentsager/agurk/dansk-agurk-5750006327933,ccop.dk MAD,2019-10-08,2019-10-08 03:57:26,https://b.static-irma.dk/billeder/5750006327933/ProductDetail/dansk-agurk.png
547,5700380203767,Økologisk Rød Chili,3.50,DKK,/frugt-og-groent#!/groentsager,https://mad.coop.dk/frugt-og-groent/groentsager/chili/oekologisk-roed-chili-5700380203767,ccop.dk MAD,2019-10-08,2019-10-08 03:57:26,https://d.static-irma.dk/billeder/5700380203767/ProductDetail/oekologisk-roed-chili.png
547,5750006323256,Peberrod I bæger,10.50,DKK,/frugt-og-groent#!/groentsager,https://mad.coop.dk/frugt-og-groent/groentsager/peberrod/peberrod-i-baeger-5750006323256,ccop.dk MAD,2019-10-08,2019-10-08 03:57:26,https://a.static-irma.dk/billeder/5750006323256/ProductDetail/peberrod-i-baeger.png
547,5750006352102,Halloween Græskar,19.00,DKK,/frugt-og-groent#!/groentsager,https://mad.coop.dk/frugt-og-groent/groentsager/graeskar-og-aubergine/halloween-graeskar-5750006352102,ccop.dk MAD,2019-10-08,2019-10-08 03:57:26,https://c.static-irma.dk/billeder/5750006352102/ProductDetail/halloween-graeskar.png
547,5700381660255,Grønkål,18.95,DKK,/frugt-og-groent#!/groentsager,https://mad.coop.dk/frugt-og-groent/groentsager/kaal/groenkaal-5700381660255,ccop.dk MAD,2019-10-08,2019-10-08 03:57:26,https://d.static-irma.dk/billeder/5700381660255/ProductDetail/groenkaal.png
547,5700384210136,Økologisk Rucola,9.50,DKK,/frugt-og-groent#!/groentsager,https://mad.coop.dk/frugt-og-groent/groentsager/salat-og-bladgroent/oekologisk-rucola-5700384210136,ccop.dk MAD,2019-10-08,2019-10-08 03:57:26,https://a.static-irma.dk/billeder/5700384210136/ProductDetail/oekologisk-rucola.png
547,5750006330971,Østershatte,17.95,DKK,/frugt-og-groent#!/groentsager,https://mad.coop.dk/frugt-og-groent/groentsager/svampe/oestershatte-5750006330971,ccop.dk MAD,2019-10-08,2019-10-08 03:57:26,https://d.static-irma.dk/billeder/5750006330971/ProductDetail/oestershatte.png
547,5700382771622,Kålrabi,16.95,DKK,/frugt-og-groent#!/groentsager,https://mad.coop.dk/frugt-og-groent/groentsager/guleroedder/kaalrabi-5700382771622,ccop.dk MAD,2019-10-08,2019-10-08 03:57:26,https://c.static-irma.dk/billeder/5700382771622/ProductDetail/kaalrabi.png
547,5700384433993,Rødbeder,15.95,DKK,/frugt-og-groent#!/groentsager,https://mad.coop.dk/frugt-og-groent/groentsager/beder/roedbeder-5700384433993,ccop.dk MAD,2019-10-08,2019-10-08 03:57:26,https://b.static-irma.dk/billeder/5700384433993/ProductDetail/roedbeder.png
547,5700383579326,Søde løg,15.95,DKK,/frugt-og-groent#!/groentsager,https://mad.coop.dk/frugt-og-groent/groentsager/loeg-og-porrer/soede-loeg-5700383579326,ccop.dk MAD,2019-10-08,2019-10-08 03:57:26,https://c.static-irma.dk/billeder/5700383579326/ProductDetail/soede-loeg.png
547,5700383892340,Chili,15.00,DKK,/frugt-og-groent#!/groentsager,https://mad.coop.dk/frugt-og-groent/groentsager/chili/chili-5700383892340,ccop.dk MAD,2019-10-08,2019-10-08 03:57:26,https://a.static-irma.dk/billeder/5700383892340/ProductDetail/chili.png
547,5700381258148,Cherrytomater,14.95,DKK,/frugt-og-groent#!/groentsager,https://mad.coop.dk/frugt-og-groent/groentsager/tomater/cherrytomater-5700381258148,ccop.dk MAD,2019-10-08,2019-10-08 03:57:26,https://a.static-irma.dk/billeder/5700381258148/ProductDetail/cherrytomater.png
547,5700382599486,Ingefær,12.50,DKK,/frugt-og-groent#!/groentsager,https://mad.coop.dk/frugt-og-groent/groentsager/gurkemejerod-og-ingefaer/ingefaer-5700382599486,ccop.dk MAD,2019-10-08,2019-10-08 03:57:26,https://c.static-irma.dk/billeder/5700382599486/ProductDetail/ingefaer.png
547,5700381670148,Bønnespirer,12.50,DKK,/frugt-og-groent#!/groentsager,https://mad.coop.dk/frugt-og-groent/groentsager/spirer-radiser-og-staengler/boennespirer-5700381670148,ccop.dk MAD,2019-10-08,2019-10-08 03:57:26,https://a.static-irma.dk/billeder/5700381670148/ProductDetail/boennespirer.png
547,5700382896875,Økologisk Jalapeño,10.50,DKK,/frugt-og-groent#!/groentsager,https://mad.coop.dk/frugt-og-groent/groentsager/chili/oekologisk-jalape-o-5700382896875,ccop.dk MAD,2019-10-08,2019-10-08 03:57:26,https://d.static-irma.dk/billeder/5700382896875/ProductDetail/oekologisk-jalape-o.png
547,5700381307211,Skalotteløg,10.50,DKK,/frugt-og-groent#!/groentsager,https://mad.coop.dk/frugt-og-groent/groentsager/loeg-og-porrer/skalotteloeg-5700381307211,ccop.dk MAD,2019-10-08,2019-10-08 03:57:26,https://d.static-irma.dk/billeder/5700381307211/ProductDetail/skalotteloeg.png
547,5700381682745,Økologisk Baby Spinat,10.00,DKK,/frugt-og-groent#!/groentsager,https://mad.coop.dk/frugt-og-groent/groentsager/salat-og-bladgroent/oekologisk-baby-spinat-5700381682745,ccop.dk MAD,2019-10-08,2019-10-08 03:57:26,https://b.static-irma.dk/billeder/5700381682745/ProductDetail/oekologisk-baby-spinat.png
547,5750006323119,Peberrod,8.50,DKK,/frugt-og-groent#!/groentsager,https://mad.coop.dk/frugt-og-groent/groentsager/peberrod/peberrod-5750006323119,ccop.dk MAD,2019-10-08,2019-10-08 03:57:26,https://d.static-irma.dk/billeder/5750006323119/ProductDetail/peberrod.png
547,5700383741723,Morkelhaler,51.95,DKK,/frugt-og-groent#!/groentsager,https://mad.coop.dk/frugt-og-groent/groentsager/svampe/morkelhaler-5700383741723,ccop.dk MAD,2019-10-08,2019-10-08 03:57:26,https://d.static-irma.dk/billeder/5700383741723/ProductDetail/morkelhaler.png
547,5750006314148,Jordskokker,12.50,DKK,/frugt-og-groent#!/groentsager,https://mad.coop.dk/frugt-og-groent/groentsager/jordskokker-og-pastinak/jordskokker-5750006314148,ccop.dk MAD,2019-10-08,2019-10-08 03:57:26,https://a.static-irma.dk/billeder/5750006314148/ProductDetail/jordskokker.png
547,5700381474760,Glaskål,16.95,DKK,/frugt-og-groent#!/groentsager,https://mad.coop.dk/frugt-og-groent/groentsager/kaal/glaskaal-5700381474760,ccop.dk MAD,2019-10-08,2019-10-08 03:57:26,https://a.static-irma.dk/billeder/5700381474760/ProductDetail/glaskaal.png
547,5700384380556,Blommetomater,25.95,DKK,/frugt-og-groent#!/groentsager,https://mad.coop.dk/frugt-og-groent/groentsager/tomater/blommetomater-5700384380556,ccop.dk MAD,2019-10-08,2019-10-08 03:57:26,https://a.static-irma.dk/billeder/5700384380556/ProductDetail/blommetomater.png
547,5700382885930,Julesalat,18.95,DKK,/frugt-og-groent#!/groentsager,https://mad.coop.dk/frugt-og-groent/groentsager/salat-og-bladgroent/julesalat-5700382885930,ccop.dk MAD,2019-10-08,2019-10-08 03:57:26,https://c.static-irma.dk/billeder/5700382885930/ProductDetail/julesalat.png
547,5700383834449,Skovmiks svampe,31.50,DKK,/frugt-og-groent#!/groentsager,https://mad.coop.dk/frugt-og-groent/groentsager/svampe/skovmiks-svampe-5700383834449,ccop.dk MAD,2019-10-08,2019-10-08 03:57:26,https://b.static-irma.dk/billeder/5700383834449/ProductDetail/skovmiks-svampe.png
547,5700381411246,Shiitake i skiver,31.50,DKK,/frugt-og-groent#!/groentsager,https://mad.coop.dk/frugt-og-groent/groentsager/svampe/shiitake-i-skiver-5700381411246,ccop.dk MAD,2019-10-08,2019-10-08 03:57:26,https://c.static-irma.dk/billeder/5700381411246/ProductDetail/shiitake-i-skiver.png
547,5700380855102,Karl Johan svampe,31.50,DKK,/frugt-og-groent#!/groentsager,https://mad.coop.dk/frugt-og-groent/groentsager/svampe/karl-johan-svampe-5700380855102,ccop.dk MAD,2019-10-08,2019-10-08 03:57:26,https://c.static-irma.dk/billeder/5700380855102/ProductDetail/karl-johan-svampe.png
547,5700382591862,Tørrede Morkler,98.95,DKK,/frugt-og-groent#!/groentsager,https://mad.coop.dk/frugt-og-groent/groentsager/svampe/toerrede-morkler-5700382591862,ccop.dk MAD,2019-10-08,2019-10-08 03:57:26,https://c.static-irma.dk/billeder/5700382591862/ProductDetail/toerrede-morkler.png
547,5700380856482,Tørrede Kantareller,31.50,DKK,/frugt-og-groent#!/groentsager,https://mad.coop.dk/frugt-og-groent/groentsager/svampe/toerrede-kantareller-5700380856482,ccop.dk MAD,2019-10-08,2019-10-08 03:57:26,https://c.static-irma.dk/billeder/5700380856482/ProductDetail/toerrede-kantareller.png
547,5700382503827,Søde Slikærter,17.95,DKK,/frugt-og-groent#!/groentsager,https://mad.coop.dk/frugt-og-groent/groentsager/baelgfrugter/soede-slikaerter-5700382503827,ccop.dk MAD,2019-10-08,2019-10-08 03:57:26,https://d.static-irma.dk/billeder/5700382503827/ProductDetail/soede-slikaerter.png
547,5700384502644,Hokkaido græskar,20.00,DKK,/frugt-og-groent#!/groentsager,https://mad.coop.dk/frugt-og-groent/groentsager/graeskar-og-aubergine/hokkaido-graeskar-5700384502644,ccop.dk MAD,2019-10-08,2019-10-08 03:57:26,https://a.static-irma.dk/billeder/5700384502644/ProductDetail/hokkaido-graeskar.png
547,5700383075491,Vildmose små kartofler,20.95,DKK,/frugt-og-groent#!/groentsager,https://mad.coop.dk/frugt-og-groent/groentsager/kartofler/vildmose-smaa-kartofler-5700383075491,ccop.dk MAD,2019-10-08,2019-10-08 03:57:26,https://d.static-irma.dk/billeder/5700383075491/ProductDetail/vildmose-smaa-kartofler.png
547,5700383628581,Kogte rødbeder ,11.50,DKK,/frugt-og-groent#!/groentsager,https://mad.coop.dk/frugt-og-groent/groentsager/beder/kogte-roedbeder-5700383628581,ccop.dk MAD,2019-10-08,2019-10-08 03:57:26,https://b.static-irma.dk/billeder/5700383628581/ProductDetail/kogte-roedbeder.png
547,5700380840924,Knoldselleri med top,15.50,DKK,/frugt-og-groent#!/groentsager,https://mad.coop.dk/frugt-og-groent/groentsager/selleri/knoldselleri-med-top-5700380840924,ccop.dk MAD,2019-10-08,2019-10-08 03:57:26,https://a.static-irma.dk/billeder/5700380840924/ProductDetail/knoldselleri-med-top.png
547,5700383853266,Hovedsalat,18.95,DKK,/frugt-og-groent#!/groentsager,https://mad.coop.dk/frugt-og-groent/groentsager/salat-og-bladgroent/hovedsalat-5700383853266,ccop.dk MAD,2019-10-08,2019-10-08 03:57:26,https://c.static-irma.dk/billeder/5700383853266/ProductDetail/hovedsalat.png
547,5700381962373,Shii-take,29.50,DKK,/frugt-og-groent#!/groentsager,https://mad.coop.dk/frugt-og-groent/groentsager/svampe/shii-take-5700381962373,ccop.dk MAD,2019-10-08,2019-10-08 03:57:26,https://b.static-irma.dk/billeder/5700381962373/ProductDetail/shii-take.png
547,5700384899577,Rødkål,16.00,DKK,/frugt-og-groent#!/groentsager,https://mad.coop.dk/frugt-og-groent/groentsager/kaal/roedkaal-5700384899577,ccop.dk MAD,2019-10-08,2019-10-08 03:57:26,https://b.static-irma.dk/billeder/5700384899577/ProductDetail/roedkaal.png
547,5700383564834,Kantareller,37.50,DKK,/frugt-og-groent#!/groentsager,https://mad.coop.dk/frugt-og-groent/groentsager/svampe/kantareller-5700383564834,ccop.dk MAD,2019-10-08,2019-10-08 03:57:26,https://c.static-irma.dk/billeder/5700383564834/ProductDetail/kantareller.png
547,5700381603245,Lilla grønkål,20.00,DKK,/frugt-og-groent#!/groentsager,https://mad.coop.dk/frugt-og-groent/groentsager/kaal/lilla-groenkaal-5700381603245,ccop.dk MAD,2019-10-08,2019-10-08 03:57:26,https://b.static-irma.dk/billeder/5700381603245/ProductDetail/lilla-groenkaal.png
547,5700380268926,Spidskål ,15.95,DKK,/frugt-og-groent#!/groentsager,https://mad.coop.dk/frugt-og-groent/groentsager/kaal/spidskaal-5700380268926,ccop.dk MAD,2019-10-08,2019-10-08 03:57:26,https://c.static-irma.dk/billeder/5700380268926/ProductDetail/spidskaal.png
547,5700381574989,Kinakål,18.95,DKK,/frugt-og-groent#!/groentsager,https://mad.coop.dk/frugt-og-groent/groentsager/kaal/kinakaal-5700381574989,ccop.dk MAD,2019-10-08,2019-10-08 03:57:26,https://b.static-irma.dk/billeder/5700381574989/ProductDetail/kinakaal.png
547,5700383754433,Pommes Frites,15.95,DKK,/frugt-og-groent#!/groentsager,https://mad.coop.dk/frugt-og-groent/groentsager/kartofler/pommes-frites-5700383754433,ccop.dk MAD,2019-10-08,2019-10-08 03:57:26,https://b.static-irma.dk/billeder/5700383754433/ProductDetail/pommes-frites.png
547,5700381389057,"Pak Choi, 2 stk.",20.95,DKK,/frugt-og-groent#!/groentsager,https://mad.coop.dk/frugt-og-groent/groentsager/kaal/pak-choi-5700381389057,ccop.dk MAD,2019-10-08,2019-10-08 03:57:26,https://b.static-irma.dk/billeder/5700381389057/ProductDetail/pak-choi.png
547,5700383554668,"Chili grøn fireflame, 2 stk.",10.50,DKK,/frugt-og-groent#!/groentsager,https://mad.coop.dk/frugt-og-groent/groentsager/chili/chili-groen-fireflame-5700383554668,ccop.dk MAD,2019-10-08,2019-10-08 03:57:26,https://a.static-irma.dk/billeder/5700383554668/ProductDetail/chili-groen-fireflame.png
547,5700383908812,Portobello Svampe,20.95,DKK,/frugt-og-groent#!/groentsager,https://mad.coop.dk/frugt-og-groent/groentsager/svampe/portobello-svampe-5700383908812,ccop.dk MAD,2019-10-08,2019-10-08 03:57:26,https://a.static-irma.dk/billeder/5700383908812/ProductDetail/portobello-svampe.png
547,5700384591624,Avocado,9.50,DKK,/frugt-og-groent#!/groentsager,https://mad.coop.dk/frugt-og-groent/groentsager/avocado/avocado-5700384591624,ccop.dk MAD,2019-10-08,2019-10-08 03:57:26,https://a.static-irma.dk/billeder/5700384591624/ProductDetail/avocado.png
547,5700383630768,Rucola,12.50,DKK,/frugt-og-groent#!/groentsager,https://mad.coop.dk/frugt-og-groent/groentsager/salat-og-bladgroent/rucola-5700383630768,ccop.dk MAD,2019-10-08,2019-10-08 03:57:26,https://a.static-irma.dk/billeder/5700383630768/ProductDetail/rucola.png
547,5700381436836,Økologisk Citrongræs,14.95,DKK,/frugt-og-groent#!/groentsager,https://mad.coop.dk/frugt-og-groent/groentsager/spirer-radiser-og-staengler/oekologisk-citrongraes-5700381436836,ccop.dk MAD,2019-10-08,2019-10-08 03:57:26,https://a.static-irma.dk/billeder/5700381436836/ProductDetail/oekologisk-citrongraes.png
