Vendedor,ID,Title,Price,Currency,Category URL,Details URL,partner-name,Date,timestamp,image_url,breadcumb
600,237891300,Cutters Choice Rich Aromatic x 30g,230.0,ARS,Bue/365-bue/600/365*Kioscos*Argentinos/KIOSCOYBEBIDAS_LATAM/17148/30392,https://i.postimg.cc/NjGfyXVS/Cutters-Choice-Rich-Aromatic-x-30g.png,Glovo,2019-10-13,2019-10-13 05:37:43,https://i.postimg.cc/NjGfyXVS/Cutters-Choice-Rich-Aromatic-x-30g.png,Cigarrillos > Tabaco para armar > Tabaco
600,237891306,Cutters Choice Sweet Aromatic x 30g,230.0,ARS,Bue/365-bue/600/365*Kioscos*Argentinos/KIOSCOYBEBIDAS_LATAM/17148/30392,https://i.postimg.cc/7hMwhPNq/Cutters-Choice-Sweet-Aromatic-x-30g.png,Glovo,2019-10-13,2019-10-13 05:37:43,https://i.postimg.cc/7hMwhPNq/Cutters-Choice-Sweet-Aromatic-x-30g.png,Cigarrillos > Tabaco para armar > Tabaco
600,237891305,Tabaco Flandria Vainilla,250.0,ARS,Bue/365-bue/600/365*Kioscos*Argentinos/KIOSCOYBEBIDAS_LATAM/17148/30392,https://i.postimg.cc/3xFv2wNn/flandria-tabaco-vainilla-fumador.jpg,Glovo,2019-10-13,2019-10-13 05:37:43,https://i.postimg.cc/3xFv2wNn/flandria-tabaco-vainilla-fumador.jpg,Cigarrillos > Tabaco para armar > Tabaco
600,237891304,Tabaco Flandria Silver,250.0,ARS,Bue/365-bue/600/365*Kioscos*Argentinos/KIOSCOYBEBIDAS_LATAM/17148/30392,https://i.postimg.cc/668nFwbp/flandria-silver-tabaco-precios.jpg,Glovo,2019-10-13,2019-10-13 05:37:43,https://i.postimg.cc/668nFwbp/flandria-silver-tabaco-precios.jpg,Cigarrillos > Tabaco para armar > Tabaco
600,237891303,Tabaco Flandria Sauvage,250.0,ARS,Bue/365-bue/600/365*Kioscos*Argentinos/KIOSCOYBEBIDAS_LATAM/17148/30392,https://i.postimg.cc/k4f6zYK8/flandria-sauvage-tabaco-venta.jpg,Glovo,2019-10-13,2019-10-13 05:37:43,https://i.postimg.cc/k4f6zYK8/flandria-sauvage-tabaco-venta.jpg,Cigarrillos > Tabaco para armar > Tabaco
600,237891302,Tabaco Flandria Original,250.0,ARS,Bue/365-bue/600/365*Kioscos*Argentinos/KIOSCOYBEBIDAS_LATAM/17148/30392,https://i.postimg.cc/501LZFGc/flandria-tabaco-original-precios.jpg,Glovo,2019-10-13,2019-10-13 05:37:43,https://i.postimg.cc/501LZFGc/flandria-tabaco-original-precios.jpg,Cigarrillos > Tabaco para armar > Tabaco
600,237891301,Cutters Choice Dark Exotic x 30g,230.0,ARS,Bue/365-bue/600/365*Kioscos*Argentinos/KIOSCOYBEBIDAS_LATAM/17148/30392,https://i.postimg.cc/dVn3n6rJ/Cutters-Choice-Dark-Exotic-x-30g.png,Glovo,2019-10-13,2019-10-13 05:37:43,https://i.postimg.cc/dVn3n6rJ/Cutters-Choice-Dark-Exotic-x-30g.png,Cigarrillos > Tabaco para armar > Tabaco
600,237891166,Camel 10,65.0,ARS,Bue/365-bue/600/365*Kioscos*Argentinos/KIOSCOYBEBIDAS_LATAM/17148/30392,https://i.postimg.cc/90sst6Fr/Camel-Box-11.png,Glovo,2019-10-13,2019-10-13 05:37:43,https://i.postimg.cc/90sst6Fr/Camel-Box-11.png,Cigarrillos > Box de 10 y 12 unidades > Box x10 & x12 uds.
600,237891167,Lucky Strike double click 10,67.0,ARS,Bue/365-bue/600/365*Kioscos*Argentinos/KIOSCOYBEBIDAS_LATAM/17148/30392,https://i.postimg.cc/qRjZjVWt/lucky-strike-double-click-10-unidades.png,Glovo,2019-10-13,2019-10-13 05:37:43,https://i.postimg.cc/qRjZjVWt/lucky-strike-double-click-10-unidades.png,Cigarrillos > Box de 10 y 12 unidades > Box x10 & x12 uds.
600,237891270,Filtro libella regular,95.0,ARS,Bue/365-bue/600/365*Kioscos*Argentinos/KIOSCOYBEBIDAS_LATAM/17148/30392,https://i.postimg.cc/R0qZqCH3/filtros-libella-regular-fumar.jpg,Glovo,2019-10-13,2019-10-13 05:37:43,https://i.postimg.cc/R0qZqCH3/filtros-libella-regular-fumar.jpg,Cigarrillos > Tabaco para armar > Filtros
600,237891269,Filtro libella slim,95.0,ARS,Bue/365-bue/600/365*Kioscos*Argentinos/KIOSCOYBEBIDAS_LATAM/17148/30392,https://i.postimg.cc/Ss2R1QQ0/filtros-libella-slim-fumar.jpg,Glovo,2019-10-13,2019-10-13 05:37:43,https://i.postimg.cc/Ss2R1QQ0/filtros-libella-slim-fumar.jpg,Cigarrillos > Tabaco para armar > Filtros
600,237891246,Camel Blue Box 20,128.0,ARS,Bue/365-bue/600/365*Kioscos*Argentinos/KIOSCOYBEBIDAS_LATAM/17148/30392,https://i.postimg.cc/vHmCwjyk/Camel-Blue-Box.png,Glovo,2019-10-13,2019-10-13 05:37:43,https://i.postimg.cc/vHmCwjyk/Camel-Blue-Box.png,Cigarrillos > Box de 20 unidades > Box de 20 uds.
600,237891247,Camel Box 20,128.0,ARS,Bue/365-bue/600/365*Kioscos*Argentinos/KIOSCOYBEBIDAS_LATAM/17148/30392,https://i.postimg.cc/brwV8G7k/Camel-Box.png,Glovo,2019-10-13,2019-10-13 05:37:43,https://i.postimg.cc/brwV8G7k/Camel-Box.png,Cigarrillos > Box de 20 unidades > Box de 20 uds.
600,237891307,Habanos Neos Mini Red,300.0,ARS,Bue/365-bue/600/365*Kioscos*Argentinos/KIOSCOYBEBIDAS_LATAM/17148/30392,https://i.postimg.cc/nrrkPDjF/cigarros-neos-mini-vainilla-x-10u-x-10-D-NQ-NP-752946-MLA3101087.jpg,Glovo,2019-10-13,2019-10-13 05:37:43,https://i.postimg.cc/nrrkPDjF/cigarros-neos-mini-vainilla-x-10u-x-10-D-NQ-NP-752946-MLA3101087.jpg,Cigarrillos > Habanos > Habanos
600,237891168,Lucky Strike C&R 10,67.0,ARS,Bue/365-bue/600/365*Kioscos*Argentinos/KIOSCOYBEBIDAS_LATAM/17148/30392,https://i.postimg.cc/qRWdjh1J/Lucky-Strike-C-R-2-0-Box-12.png,Glovo,2019-10-13,2019-10-13 05:37:43,https://i.postimg.cc/qRWdjh1J/Lucky-Strike-C-R-2-0-Box-12.png,Cigarrillos > Box de 10 y 12 unidades > Box x10 & x12 uds.
600,237891169,Lucky Strike Click 10,67.0,ARS,Bue/365-bue/600/365*Kioscos*Argentinos/KIOSCOYBEBIDAS_LATAM/17148/30392,https://i.postimg.cc/Px7d9F5k/Lucky-Strike-Convertible-Box-12.png,Glovo,2019-10-13,2019-10-13 05:37:43,https://i.postimg.cc/Px7d9F5k/Lucky-Strike-Convertible-Box-12.png,Cigarrillos > Box de 10 y 12 unidades > Box x10 & x12 uds.
600,237891170,Lucky Strike Red 10,65.0,ARS,Bue/365-bue/600/365*Kioscos*Argentinos/KIOSCOYBEBIDAS_LATAM/17148/30392,https://i.postimg.cc/BQd7hC7C/Lucky-strike-red-10.png,Glovo,2019-10-13,2019-10-13 05:37:43,https://i.postimg.cc/BQd7hC7C/Lucky-strike-red-10.png,Cigarrillos > Box de 10 y 12 unidades > Box x10 & x12 uds.
600,237891171,Marlboro 10,65.0,ARS,Bue/365-bue/600/365*Kioscos*Argentinos/KIOSCOYBEBIDAS_LATAM/17148/30392,https://i.postimg.cc/vmTZh9qb/Marlboro-10-unidades.jpg,Glovo,2019-10-13,2019-10-13 05:37:43,https://i.postimg.cc/vmTZh9qb/Marlboro-10-unidades.jpg,Cigarrillos > Box de 10 y 12 unidades > Box x10 & x12 uds.
600,237891172,Philip Morris 10,60.0,ARS,Bue/365-bue/600/365*Kioscos*Argentinos/KIOSCOYBEBIDAS_LATAM/17148/30392,https://i.postimg.cc/fTW3fgdw/Philip-Morris.png,Glovo,2019-10-13,2019-10-13 05:37:43,https://i.postimg.cc/fTW3fgdw/Philip-Morris.png,Cigarrillos > Box de 10 y 12 unidades > Box x10 & x12 uds.
600,237891337,Encendedor Shark Transparente,25.0,ARS,Bue/365-bue/600/365*Kioscos*Argentinos/KIOSCOYBEBIDAS_LATAM/17148/30392,https://i.postimg.cc/0jjsbm6q/Encendedor-Shark-Transparente.jpg,Glovo,2019-10-13,2019-10-13 05:37:43,https://i.postimg.cc/0jjsbm6q/Encendedor-Shark-Transparente.jpg,Cigarrillos > Encendedores y sedas > Encendedores
600,237891268,Filtro libella extra slim,90.0,ARS,Bue/365-bue/600/365*Kioscos*Argentinos/KIOSCOYBEBIDAS_LATAM/17148/30392,https://i.postimg.cc/65s2SZGM/filtros-libella-extra-slim.jpg,Glovo,2019-10-13,2019-10-13 05:37:43,https://i.postimg.cc/65s2SZGM/filtros-libella-extra-slim.jpg,Cigarrillos > Tabaco para armar > Filtros
600,237891266,Papel Premier Fine,40.0,ARS,Bue/365-bue/600/365*Kioscos*Argentinos/KIOSCOYBEBIDAS_LATAM/17148/30392,https://i.postimg.cc/3R8ZVnb9/Papel-Premier-Fine.png,Glovo,2019-10-13,2019-10-13 05:37:43,https://i.postimg.cc/3R8ZVnb9/Papel-Premier-Fine.png,Cigarrillos > Tabaco para armar > Papel
600,237891265,Papel Premier Plus,40.0,ARS,Bue/365-bue/600/365*Kioscos*Argentinos/KIOSCOYBEBIDAS_LATAM/17148/30392,https://i.postimg.cc/Nfswbc4r/Papel-Premier-Plus.png,Glovo,2019-10-13,2019-10-13 05:37:43,https://i.postimg.cc/Nfswbc4r/Papel-Premier-Plus.png,Cigarrillos > Tabaco para armar > Papel
600,237891267,Papel Premier organic,40.0,ARS,Bue/365-bue/600/365*Kioscos*Argentinos/KIOSCOYBEBIDAS_LATAM/17148/30392,https://i.postimg.cc/m2J8k3t2/Papel-Premier-Organic.png,Glovo,2019-10-13,2019-10-13 05:37:43,https://i.postimg.cc/m2J8k3t2/Papel-Premier-Organic.png,Cigarrillos > Tabaco para armar > Papel
600,237891248,Camel Ks 20,118.0,ARS,Bue/365-bue/600/365*Kioscos*Argentinos/KIOSCOYBEBIDAS_LATAM/17148/30392,https://i.postimg.cc/GhNgwmqT/Camel-Comun.png,Glovo,2019-10-13,2019-10-13 05:37:43,https://i.postimg.cc/GhNgwmqT/Camel-Comun.png,Cigarrillos > Box de 20 unidades > Box de 20 uds.
600,237891249,Lucky Crisp Green 20,132.0,ARS,Bue/365-bue/600/365*Kioscos*Argentinos/KIOSCOYBEBIDAS_LATAM/17148/30392,https://i.postimg.cc/YS7n7CHG/lucky-strike-double-click-20-unidades.png,Glovo,2019-10-13,2019-10-13 05:37:43,https://i.postimg.cc/YS7n7CHG/lucky-strike-double-click-20-unidades.png,Cigarrillos > Box de 20 unidades > Box de 20 uds.
600,237891251,Lucky Strike Click & Roll 2.0,107.0,ARS,Bue/365-bue/600/365*Kioscos*Argentinos/KIOSCOYBEBIDAS_LATAM/17148/30392,https://i.postimg.cc/LsFy50dH/Lucky-Strike-C-R-2-0-Box.png,Glovo,2019-10-13,2019-10-13 05:37:43,https://i.postimg.cc/LsFy50dH/Lucky-Strike-C-R-2-0-Box.png,Cigarrillos > Box de 20 unidades > Box de 20 uds.
600,237891252,Lucky Strike Indigo Wild Click 20,132.0,ARS,Bue/365-bue/600/365*Kioscos*Argentinos/KIOSCOYBEBIDAS_LATAM/17148/30392,https://i.postimg.cc/0j4X1GkP/lucky-strike-click-20.png,Glovo,2019-10-13,2019-10-13 05:37:43,https://i.postimg.cc/0j4X1GkP/lucky-strike-click-20.png,Cigarrillos > Box de 20 unidades > Box de 20 uds.
600,237891253,Lucky Strike Convertible,105.0,ARS,Bue/365-bue/600/365*Kioscos*Argentinos/KIOSCOYBEBIDAS_LATAM/17148/30392,https://i.postimg.cc/Jn6cNpFH/Lucky-Strike-Convertible-Comun.png,Glovo,2019-10-13,2019-10-13 05:37:43,https://i.postimg.cc/Jn6cNpFH/Lucky-Strike-Convertible-Comun.png,Cigarrillos > Box de 20 unidades > Box de 20 uds.
600,237891173,Rothmans Click 10,55.0,ARS,Bue/365-bue/600/365*Kioscos*Argentinos/KIOSCOYBEBIDAS_LATAM/17148/30392,https://i.postimg.cc/fbFFN4m5/Rothmans-Click-Box-11.png,Glovo,2019-10-13,2019-10-13 05:37:43,https://i.postimg.cc/fbFFN4m5/Rothmans-Click-Box-11.png,Cigarrillos > Box de 10 y 12 unidades > Box x10 & x12 uds.
600,237891174,Rothmans Red 10,55.0,ARS,Bue/365-bue/600/365*Kioscos*Argentinos/KIOSCOYBEBIDAS_LATAM/17148/30392,https://i.postimg.cc/YSscCLK6/Rothmans-Red-Box-11.png,Glovo,2019-10-13,2019-10-13 05:37:43,https://i.postimg.cc/YSscCLK6/Rothmans-Red-Box-11.png,Cigarrillos > Box de 10 y 12 unidades > Box x10 & x12 uds.
600,237891175,Lucky Strike Cool Box  ,65.0,ARS,Bue/365-bue/600/365*Kioscos*Argentinos/KIOSCOYBEBIDAS_LATAM/17148/30392,https://i.postimg.cc/JntjQWHv/Lucky-Strike-Cool-Box.png,Glovo,2019-10-13,2019-10-13 05:37:43,https://i.postimg.cc/JntjQWHv/Lucky-Strike-Cool-Box.png,Cigarrillos > Box de 10 y 12 unidades > Box x10 & x12 uds.
600,237891176,Rothmans red 10,55.0,ARS,Bue/365-bue/600/365*Kioscos*Argentinos/KIOSCOYBEBIDAS_LATAM/17148/30392,https://i.postimg.cc/YSscCLK6/Rothmans-Red-Box-11.png,Glovo,2019-10-13,2019-10-13 05:37:43,https://i.postimg.cc/YSscCLK6/Rothmans-Red-Box-11.png,Cigarrillos > Box de 10 y 12 unidades > Box x10 & x12 uds.
600,237891336,Papel OCB premium negro,45.0,ARS,Bue/365-bue/600/365*Kioscos*Argentinos/KIOSCOYBEBIDAS_LATAM/17148/30392,https://i.postimg.cc/cLqpNPcW/Papel-OCB-Premium-Negro.png,Glovo,2019-10-13,2019-10-13 05:37:43,https://i.postimg.cc/cLqpNPcW/Papel-OCB-Premium-Negro.png,Cigarrillos > Encendedores y sedas > Sedas
600,237891254,Lucky Strike Double Capsule Wild 20,132.0,ARS,Bue/365-bue/600/365*Kioscos*Argentinos/KIOSCOYBEBIDAS_LATAM/17148/30392,https://i.postimg.cc/s2C82Jp2/Lucky-Double-Click-20.png,Glovo,2019-10-13,2019-10-13 05:37:43,https://i.postimg.cc/s2C82Jp2/Lucky-Double-Click-20.png,Cigarrillos > Box de 20 unidades > Box de 20 uds.
600,237891255,Lucky Strike Fresh 20,132.0,ARS,Bue/365-bue/600/365*Kioscos*Argentinos/KIOSCOYBEBIDAS_LATAM/17148/30392,https://i.postimg.cc/CLFnhGrW/Lucky-Strike-Fresh-Box.png,Glovo,2019-10-13,2019-10-13 05:37:43,https://i.postimg.cc/CLFnhGrW/Lucky-Strike-Fresh-Box.png,Cigarrillos > Box de 20 unidades > Box de 20 uds.
600,237891256,Lucky Strike Ks 20,107.0,ARS,Bue/365-bue/600/365*Kioscos*Argentinos/KIOSCOYBEBIDAS_LATAM/17148/30392,https://i.postimg.cc/CMrQ80jX/Lucky-Strike-20.png,Glovo,2019-10-13,2019-10-13 05:37:43,https://i.postimg.cc/CMrQ80jX/Lucky-Strike-20.png,Cigarrillos > Box de 20 unidades > Box de 20 uds.
600,237891257,Malboro Box 20,128.0,ARS,Bue/365-bue/600/365*Kioscos*Argentinos/KIOSCOYBEBIDAS_LATAM/17148/30392,https://i.postimg.cc/28dySCLR/malboro-box-20.jpg,Glovo,2019-10-13,2019-10-13 05:37:43,https://i.postimg.cc/28dySCLR/malboro-box-20.jpg,Cigarrillos > Box de 20 unidades > Box de 20 uds.
600,237891258,Pall Mall Plata King Size 20,118.0,ARS,Bue/365-bue/600/365*Kioscos*Argentinos/KIOSCOYBEBIDAS_LATAM/17148/30392,https://i.postimg.cc/yYsK2npS/Pall-Mall-Silver-Comun.png,Glovo,2019-10-13,2019-10-13 05:37:43,https://i.postimg.cc/yYsK2npS/Pall-Mall-Silver-Comun.png,Cigarrillos > Box de 20 unidades > Box de 20 uds.
600,237891259,Pall Mall Rojo King Size 20,118.0,ARS,Bue/365-bue/600/365*Kioscos*Argentinos/KIOSCOYBEBIDAS_LATAM/17148/30392,https://i.postimg.cc/k4k2JjHS/Pall-Mall-Rojo-King-Size.png,Glovo,2019-10-13,2019-10-13 05:37:43,https://i.postimg.cc/k4k2JjHS/Pall-Mall-Rojo-King-Size.png,Cigarrillos > Box de 20 unidades > Box de 20 uds.
600,237891260,Parisiennes 20,132.0,ARS,Bue/365-bue/600/365*Kioscos*Argentinos/KIOSCOYBEBIDAS_LATAM/17148/30392,https://i.postimg.cc/VvVDkc8R/Parisiennes.png,Glovo,2019-10-13,2019-10-13 05:37:43,https://i.postimg.cc/VvVDkc8R/Parisiennes.png,Cigarrillos > Box de 20 unidades > Box de 20 uds.
600,237891261,Philip Morris 20,118.0,ARS,Bue/365-bue/600/365*Kioscos*Argentinos/KIOSCOYBEBIDAS_LATAM/17148/30392,https://i.postimg.cc/BQfpZ3Rm/Philip-Morris.png,Glovo,2019-10-13,2019-10-13 05:37:43,https://i.postimg.cc/BQfpZ3Rm/Philip-Morris.png,Cigarrillos > Box de 20 unidades > Box de 20 uds.
600,237891262,Rothmans Click 20,108.0,ARS,Bue/365-bue/600/365*Kioscos*Argentinos/KIOSCOYBEBIDAS_LATAM/17148/30392,https://i.postimg.cc/zGP1bNzn/Rothmans-Click-Box.png,Glovo,2019-10-13,2019-10-13 05:37:43,https://i.postimg.cc/zGP1bNzn/Rothmans-Click-Box.png,Cigarrillos > Box de 20 unidades > Box de 20 uds.
600,237891263,Rothmans Red 20,107.0,ARS,Bue/365-bue/600/365*Kioscos*Argentinos/KIOSCOYBEBIDAS_LATAM/17148/30392,https://i.postimg.cc/63ccqWwK/Rothmans-Red-Box.png,Glovo,2019-10-13,2019-10-13 05:37:43,https://i.postimg.cc/63ccqWwK/Rothmans-Red-Box.png,Cigarrillos > Box de 20 unidades > Box de 20 uds.
600,237891264,Rothmans Red ks 20,82.0,ARS,Bue/365-bue/600/365*Kioscos*Argentinos/KIOSCOYBEBIDAS_LATAM/17148/30392,https://i.postimg.cc/h4CMqtpb/Rothmans-Red-Comun.png,Glovo,2019-10-13,2019-10-13 05:37:43,https://i.postimg.cc/h4CMqtpb/Rothmans-Red-Comun.png,Cigarrillos > Box de 20 unidades > Box de 20 uds.
600,237891237,Agua Villavicencio 15L,90.0,ARS,Bue/365-bue/600/365*Kioscos*Argentinos/KIOSCOYBEBIDAS_LATAM/17148/30392,https://i.postimg.cc/ncZ3nZDn/Agua-Villavicencio-1-5-L.png,Glovo,2019-10-13,2019-10-13 05:37:44,https://i.postimg.cc/ncZ3nZDn/Agua-Villavicencio-1-5-L.png,Bebidas > Agua > Agua
600,237891238,Agua Villavicencio 500Ml,55.0,ARS,Bue/365-bue/600/365*Kioscos*Argentinos/KIOSCOYBEBIDAS_LATAM/17148/30392,https://i.postimg.cc/GmgKPySp/r7jjmowagv5khyax4tz8.png,Glovo,2019-10-13,2019-10-13 05:37:44,https://i.postimg.cc/GmgKPySp/r7jjmowagv5khyax4tz8.png,Bebidas > Agua > Agua
600,237891366,7 Up 500 ml,45.0,ARS,Bue/365-bue/600/365*Kioscos*Argentinos/KIOSCOYBEBIDAS_LATAM/17148/30392,https://i.postimg.cc/tJKMpVWk/7-Up-500-ml.png,Glovo,2019-10-13,2019-10-13 05:37:44,https://i.postimg.cc/tJKMpVWk/7-Up-500-ml.png,Bebidas > Gaseosas > Gaseosas
600,237891367,Coca Cola 354cc Lata,55.0,ARS,Bue/365-bue/600/365*Kioscos*Argentinos/KIOSCOYBEBIDAS_LATAM/17148/30392,https://i.postimg.cc/mgXDy13Z/Coca-cola-354-ML.png,Glovo,2019-10-13,2019-10-13 05:37:44,https://i.postimg.cc/mgXDy13Z/Coca-cola-354-ML.png,Bebidas > Gaseosas > Gaseosas
600,237891368,Coca Cola Light 354cc Lata,55.0,ARS,Bue/365-bue/600/365*Kioscos*Argentinos/KIOSCOYBEBIDAS_LATAM/17148/30392,https://i.postimg.cc/j2g9FTMf/Cocca-light-354.png,Glovo,2019-10-13,2019-10-13 05:37:44,https://i.postimg.cc/j2g9FTMf/Cocca-light-354.png,Bebidas > Gaseosas > Gaseosas
600,237891369,Coca Cola Sin azucar 354cc Lata,55.0,ARS,Bue/365-bue/600/365*Kioscos*Argentinos/KIOSCOYBEBIDAS_LATAM/17148/30392,https://i.postimg.cc/Pqs7c2QS/Coca-sin-azucar-354.png,Glovo,2019-10-13,2019-10-13 05:37:44,https://i.postimg.cc/Pqs7c2QS/Coca-sin-azucar-354.png,Bebidas > Gaseosas > Gaseosas
600,237891370,Sprite 354cc Lata,55.0,ARS,Bue/365-bue/600/365*Kioscos*Argentinos/KIOSCOYBEBIDAS_LATAM/17148/30392,https://i.postimg.cc/3N4C3HKm/Sprite-354.png,Glovo,2019-10-13,2019-10-13 05:37:44,https://i.postimg.cc/3N4C3HKm/Sprite-354.png,Bebidas > Gaseosas > Gaseosas
600,237891371,Sprite Sin Azucar 354cc Lata,55.0,ARS,Bue/365-bue/600/365*Kioscos*Argentinos/KIOSCOYBEBIDAS_LATAM/17148/30392,https://i.postimg.cc/YqvyCJXX/Sprite-sin-azucar-354.png,Glovo,2019-10-13,2019-10-13 05:37:44,https://i.postimg.cc/YqvyCJXX/Sprite-sin-azucar-354.png,Bebidas > Gaseosas > Gaseosas
600,237891372,Fanta 354cc Lata,55.0,ARS,Bue/365-bue/600/365*Kioscos*Argentinos/KIOSCOYBEBIDAS_LATAM/17148/30392,https://i.postimg.cc/pd3Kk6Qd/Fanta-354ml.png,Glovo,2019-10-13,2019-10-13 05:37:44,https://i.postimg.cc/pd3Kk6Qd/Fanta-354ml.png,Bebidas > Gaseosas > Gaseosas
600,237891373,Coca Cola 600 ml,60.0,ARS,Bue/365-bue/600/365*Kioscos*Argentinos/KIOSCOYBEBIDAS_LATAM/17148/30392,https://i.postimg.cc/Z57D5g80/Coca-Cola-600-ml.png,Glovo,2019-10-13,2019-10-13 05:37:44,https://i.postimg.cc/Z57D5g80/Coca-Cola-600-ml.png,Bebidas > Gaseosas > Gaseosas
600,237891374,Pepsi 500 ml,45.0,ARS,Bue/365-bue/600/365*Kioscos*Argentinos/KIOSCOYBEBIDAS_LATAM/17148/30392,https://i.postimg.cc/y8H7TDt0/Pepsi-500-ml.png,Glovo,2019-10-13,2019-10-13 05:37:44,https://i.postimg.cc/y8H7TDt0/Pepsi-500-ml.png,Bebidas > Gaseosas > Gaseosas
600,237891375,Coca Cola 125 lt,105.0,ARS,Bue/365-bue/600/365*Kioscos*Argentinos/KIOSCOYBEBIDAS_LATAM/17148/30392,https://i.postimg.cc/gJPyzqTn/Coca-Cola-1-25-lt.png,Glovo,2019-10-13,2019-10-13 05:37:44,https://i.postimg.cc/gJPyzqTn/Coca-Cola-1-25-lt.png,Bebidas > Gaseosas > Gaseosas
600,237891376,Coca Cola 225 lt,180.0,ARS,Bue/365-bue/600/365*Kioscos*Argentinos/KIOSCOYBEBIDAS_LATAM/17148/30392,https://i.postimg.cc/D0pbXqBQ/Coca-Cola-2-25-lt.png,Glovo,2019-10-13,2019-10-13 05:37:44,https://i.postimg.cc/D0pbXqBQ/Coca-Cola-2-25-lt.png,Bebidas > Gaseosas > Gaseosas
600,237891377,Coca Cola light 600 ml,60.0,ARS,Bue/365-bue/600/365*Kioscos*Argentinos/KIOSCOYBEBIDAS_LATAM/17148/30392,https://i.postimg.cc/bvPddCqc/Coca-Cola-light-600-ml.png,Glovo,2019-10-13,2019-10-13 05:37:44,https://i.postimg.cc/bvPddCqc/Coca-Cola-light-600-ml.png,Bebidas > Gaseosas > Gaseosas
600,237891378,Sprite 600 ml,60.0,ARS,Bue/365-bue/600/365*Kioscos*Argentinos/KIOSCOYBEBIDAS_LATAM/17148/30392,https://i.postimg.cc/FFwSNxkm/Sprite-600-ml.png,Glovo,2019-10-13,2019-10-13 05:37:44,https://i.postimg.cc/FFwSNxkm/Sprite-600-ml.png,Bebidas > Gaseosas > Gaseosas
600,237891379,Sprite light 600 ml,60.0,ARS,Bue/365-bue/600/365*Kioscos*Argentinos/KIOSCOYBEBIDAS_LATAM/17148/30392,https://i.postimg.cc/d1L7K7qL/Sprite-light-600-ml.png,Glovo,2019-10-13,2019-10-13 05:37:44,https://i.postimg.cc/d1L7K7qL/Sprite-light-600-ml.png,Bebidas > Gaseosas > Gaseosas
600,237891239,Gatorade Cool Blue 500 ml,65.0,ARS,Bue/365-bue/600/365*Kioscos*Argentinos/KIOSCOYBEBIDAS_LATAM/17148/30392,https://i.postimg.cc/zvpKJssf/Gatorade-Cool-Blue.png,Glovo,2019-10-13,2019-10-13 05:37:44,https://i.postimg.cc/zvpKJssf/Gatorade-Cool-Blue.png,Bebidas > Isotónicas > Isotónicas
600,237891240,Gatorade Naranja 500 ml,65.0,ARS,Bue/365-bue/600/365*Kioscos*Argentinos/KIOSCOYBEBIDAS_LATAM/17148/30392,https://i.postimg.cc/L5ygdzPY/Gatorade-Naranja.png,Glovo,2019-10-13,2019-10-13 05:37:44,https://i.postimg.cc/L5ygdzPY/Gatorade-Naranja.png,Bebidas > Isotónicas > Isotónicas
600,237891241,Gatorade Uva 500 ml,65.0,ARS,Bue/365-bue/600/365*Kioscos*Argentinos/KIOSCOYBEBIDAS_LATAM/17148/30392,https://i.postimg.cc/wjRyPRjM/Gatorade-Uva.png,Glovo,2019-10-13,2019-10-13 05:37:44,https://i.postimg.cc/wjRyPRjM/Gatorade-Uva.png,Bebidas > Isotónicas > Isotónicas
600,237891242,Gatorade Frutas Tropicales 500 ml,65.0,ARS,Bue/365-bue/600/365*Kioscos*Argentinos/KIOSCOYBEBIDAS_LATAM/17148/30392,https://i.postimg.cc/4yKHgYQW/Gatorade-Frutas-Tropicales.png,Glovo,2019-10-13,2019-10-13 05:37:44,https://i.postimg.cc/4yKHgYQW/Gatorade-Frutas-Tropicales.png,Bebidas > Isotónicas > Isotónicas
600,237891243,Gatorade Manzana 500 ml,65.0,ARS,Bue/365-bue/600/365*Kioscos*Argentinos/KIOSCOYBEBIDAS_LATAM/17148/30392,https://i.postimg.cc/BZdBv3Pj/Gatorade-Manzana.png,Glovo,2019-10-13,2019-10-13 05:37:44,https://i.postimg.cc/BZdBv3Pj/Gatorade-Manzana.png,Bebidas > Isotónicas > Isotónicas
600,237891380,Fanta 600 ml,60.0,ARS,Bue/365-bue/600/365*Kioscos*Argentinos/KIOSCOYBEBIDAS_LATAM/17148/30392,https://i.postimg.cc/XJmrNVJx/Fanta-600-ml.jpg,Glovo,2019-10-13,2019-10-13 05:37:44,https://i.postimg.cc/XJmrNVJx/Fanta-600-ml.jpg,Bebidas > Gaseosas > Gaseosas
600,237891381,Pepsi light 500 ml,45.0,ARS,Bue/365-bue/600/365*Kioscos*Argentinos/KIOSCOYBEBIDAS_LATAM/17148/30392,https://i.postimg.cc/HkdVkvYG/Pepsi-light-500-ml.png,Glovo,2019-10-13,2019-10-13 05:37:44,https://i.postimg.cc/HkdVkvYG/Pepsi-light-500-ml.png,Bebidas > Gaseosas > Gaseosas
600,237891382,7 Up light 500 ml,45.0,ARS,Bue/365-bue/600/365*Kioscos*Argentinos/KIOSCOYBEBIDAS_LATAM/17148/30392,https://i.postimg.cc/3rGRCQW5/7-Up-light-500-ml.png,Glovo,2019-10-13,2019-10-13 05:37:44,https://i.postimg.cc/3rGRCQW5/7-Up-light-500-ml.png,Bebidas > Gaseosas > Gaseosas
600,237891383,Miranda 500 ml,45.0,ARS,Bue/365-bue/600/365*Kioscos*Argentinos/KIOSCOYBEBIDAS_LATAM/17148/30392,https://i.postimg.cc/GpNLGXCm/Miranda-500-ml.png,Glovo,2019-10-13,2019-10-13 05:37:44,https://i.postimg.cc/GpNLGXCm/Miranda-500-ml.png,Bebidas > Gaseosas > Gaseosas
600,237891384,Paso de los Toros pomelos 500 ml,45.0,ARS,Bue/365-bue/600/365*Kioscos*Argentinos/KIOSCOYBEBIDAS_LATAM/17148/30392,https://i.postimg.cc/XYY4PRNv/Paso-de-los-toros-pomelos-500-ml.png,Glovo,2019-10-13,2019-10-13 05:37:44,https://i.postimg.cc/XYY4PRNv/Paso-de-los-toros-pomelos-500-ml.png,Bebidas > Gaseosas > Gaseosas
600,237891385,Coca Cola light 125 lt,105.0,ARS,Bue/365-bue/600/365*Kioscos*Argentinos/KIOSCOYBEBIDAS_LATAM/17148/30392,https://i.postimg.cc/bNzhG7tR/Coca-Cola-light-1-25-lt.png,Glovo,2019-10-13,2019-10-13 05:37:44,https://i.postimg.cc/bNzhG7tR/Coca-Cola-light-1-25-lt.png,Bebidas > Gaseosas > Gaseosas
600,237891386,Coca Cola light 225 lt,180.0,ARS,Bue/365-bue/600/365*Kioscos*Argentinos/KIOSCOYBEBIDAS_LATAM/17148/30392,https://i.postimg.cc/tgm3PGJn/Coca-Cola-Light-2-lt.png,Glovo,2019-10-13,2019-10-13 05:37:44,https://i.postimg.cc/tgm3PGJn/Coca-Cola-Light-2-lt.png,Bebidas > Gaseosas > Gaseosas
600,237891275,Agua LevitÃ© Manzana 600 ml,60.0,ARS,Bue/365-bue/600/365*Kioscos*Argentinos/KIOSCOYBEBIDAS_LATAM/17148/30392,https://i.postimg.cc/Z55vLs18/Agua-Levite-Manzana-600-ml.png,Glovo,2019-10-13,2019-10-13 05:37:44,https://i.postimg.cc/Z55vLs18/Agua-Levite-Manzana-600-ml.png,Bebidas > Jugo > Jugo
600,237891276,Agua LevitÃ© Naranja 600 ml,60.0,ARS,Bue/365-bue/600/365*Kioscos*Argentinos/KIOSCOYBEBIDAS_LATAM/17148/30392,https://i.postimg.cc/XvZZRGNX/Agua-Levite-Naranja-600-ml.png,Glovo,2019-10-13,2019-10-13 05:37:44,https://i.postimg.cc/XvZZRGNX/Agua-Levite-Naranja-600-ml.png,Bebidas > Jugo > Jugo
600,237891277,Agua LevitÃ© AnanÃ¡ 600 ml,60.0,ARS,Bue/365-bue/600/365*Kioscos*Argentinos/KIOSCOYBEBIDAS_LATAM/17148/30392,https://i.postimg.cc/vmp1bYDh/Agua-Levite-Anan-600-ml.png,Glovo,2019-10-13,2019-10-13 05:37:44,https://i.postimg.cc/vmp1bYDh/Agua-Levite-Anan-600-ml.png,Bebidas > Jugo > Jugo
600,237891278,Agua LevitÃ© Pera 600 ml,60.0,ARS,Bue/365-bue/600/365*Kioscos*Argentinos/KIOSCOYBEBIDAS_LATAM/17148/30392,https://i.postimg.cc/5yf226JB/Agua-Levite-Pera-600-ml.png,Glovo,2019-10-13,2019-10-13 05:37:44,https://i.postimg.cc/5yf226JB/Agua-Levite-Pera-600-ml.png,Bebidas > Jugo > Jugo
600,237891279,Agua LevitÃ© Pomelo 600 ml,60.0,ARS,Bue/365-bue/600/365*Kioscos*Argentinos/KIOSCOYBEBIDAS_LATAM/17148/30392,https://i.postimg.cc/SNDJj7JJ/Agua-Levite-Pomelo-600-ml.png,Glovo,2019-10-13,2019-10-13 05:37:44,https://i.postimg.cc/SNDJj7JJ/Agua-Levite-Pomelo-600-ml.png,Bebidas > Jugo > Jugo
600,237891280,Agua LevitÃ© 15 lt,95.0,ARS,Bue/365-bue/600/365*Kioscos*Argentinos/KIOSCOYBEBIDAS_LATAM/17148/30392,https://i.postimg.cc/9M7774ss/Agua-Levite-1-5-lt.png,Glovo,2019-10-13,2019-10-13 05:37:44,https://i.postimg.cc/9M7774ss/Agua-Levite-1-5-lt.png,Bebidas > Jugo > Jugo
600,237891281,Baggio Naranja 1 lt,90.0,ARS,Bue/365-bue/600/365*Kioscos*Argentinos/KIOSCOYBEBIDAS_LATAM/17148/30392,https://i.postimg.cc/xT4nWsXy/Baggio-Naranja-1-lt.png,Glovo,2019-10-13,2019-10-13 05:37:44,https://i.postimg.cc/xT4nWsXy/Baggio-Naranja-1-lt.png,Bebidas > Jugo > Jugo
600,237891332,Red Bull 250 ml,80.0,ARS,Bue/365-bue/600/365*Kioscos*Argentinos/KIOSCOYBEBIDAS_LATAM/17148/30392,https://i.postimg.cc/g0SvbbPk/Red-Bull-Energy-Drink-250ml-Lata.png,Glovo,2019-10-13,2019-10-13 05:37:44,https://i.postimg.cc/g0SvbbPk/Red-Bull-Energy-Drink-250ml-Lata.png,Bebidas > Energizantes > Energizantes
600,237891333,Red Bull Light 250 ml,80.0,ARS,Bue/365-bue/600/365*Kioscos*Argentinos/KIOSCOYBEBIDAS_LATAM/17148/30392,https://i.postimg.cc/J0JJXyHG/Red-Bull-Light.png,Glovo,2019-10-13,2019-10-13 05:37:44,https://i.postimg.cc/J0JJXyHG/Red-Bull-Light.png,Bebidas > Energizantes > Energizantes
600,237891334,Speed Unlimited 473 ml.,80.0,ARS,Bue/365-bue/600/365*Kioscos*Argentinos/KIOSCOYBEBIDAS_LATAM/17148/30392,https://i.postimg.cc/T1V1Vk0B/speed-473ml-santa-bebida-D-NQ-NP-806659-MLA28687433247-112018-Q.jpg,Glovo,2019-10-13,2019-10-13 05:37:44,https://i.postimg.cc/T1V1Vk0B/speed-473ml-santa-bebida-D-NQ-NP-806659-MLA28687433247-112018-Q.jpg,Bebidas > Energizantes > Energizantes
600,237891335,Speed Unlimited 250 ml,55.0,ARS,Bue/365-bue/600/365*Kioscos*Argentinos/KIOSCOYBEBIDAS_LATAM/17148/30392,https://i.postimg.cc/zGdLVw2x/Speed-Unlimited-250-ml.png,Glovo,2019-10-13,2019-10-13 05:37:44,https://i.postimg.cc/zGdLVw2x/Speed-Unlimited-250-ml.png,Bebidas > Energizantes > Energizantes
600,237891282,Baggio Manzana 1 ltl,90.0,ARS,Bue/365-bue/600/365*Kioscos*Argentinos/KIOSCOYBEBIDAS_LATAM/17148/30392,https://i.postimg.cc/5tc1t6qX/Baggio-Manzana-1-lt.jpg,Glovo,2019-10-13,2019-10-13 05:37:44,https://i.postimg.cc/5tc1t6qX/Baggio-Manzana-1-lt.jpg,Bebidas > Jugo > Jugo
600,237891283,Baggio Multifruta 1 lt,90.0,ARS,Bue/365-bue/600/365*Kioscos*Argentinos/KIOSCOYBEBIDAS_LATAM/17148/30392,https://i.postimg.cc/k4fkW48F/Baggio-Multifruta-1-lt.png,Glovo,2019-10-13,2019-10-13 05:37:44,https://i.postimg.cc/k4fkW48F/Baggio-Multifruta-1-lt.png,Bebidas > Jugo > Jugo
600,237891284,Cepita Naranja TentaciÃ³n 300 ml,45.0,ARS,Bue/365-bue/600/365*Kioscos*Argentinos/KIOSCOYBEBIDAS_LATAM/17148/30392,https://i.postimg.cc/ncs6QnLB/Cepita-Naranja-Tentaci-n-300-ml.png,Glovo,2019-10-13,2019-10-13 05:37:44,https://i.postimg.cc/ncs6QnLB/Cepita-Naranja-Tentaci-n-300-ml.png,Bebidas > Jugo > Jugo
600,237891285,Cepita Naranja 300 ml,45.0,ARS,Bue/365-bue/600/365*Kioscos*Argentinos/KIOSCOYBEBIDAS_LATAM/17148/30392,https://i.postimg.cc/Dwrpq03J/Cepita-Naranja-300-ml.png,Glovo,2019-10-13,2019-10-13 05:37:44,https://i.postimg.cc/Dwrpq03J/Cepita-Naranja-300-ml.png,Bebidas > Jugo > Jugo
600,237891286,Cepita Durazno 300 ml,45.0,ARS,Bue/365-bue/600/365*Kioscos*Argentinos/KIOSCOYBEBIDAS_LATAM/17148/30392,https://i.postimg.cc/G2HZJRjW/Cepita-Durazno-300-ml.png,Glovo,2019-10-13,2019-10-13 05:37:44,https://i.postimg.cc/G2HZJRjW/Cepita-Durazno-300-ml.png,Bebidas > Jugo > Jugo
600,237891287,Cepita Manzana 200 ml,35.0,ARS,Bue/365-bue/600/365*Kioscos*Argentinos/KIOSCOYBEBIDAS_LATAM/17148/30392,https://i.postimg.cc/G25XcsGN/Cepita-Manzana-200-ml.png,Glovo,2019-10-13,2019-10-13 05:37:44,https://i.postimg.cc/G25XcsGN/Cepita-Manzana-200-ml.png,Bebidas > Jugo > Jugo
600,237891321,Galletitas Cerealitas 200 gr,95.0,ARS,Bue/365-bue/600/365*Kioscos*Argentinos/KIOSCOYBEBIDAS_LATAM/17148/30392,https://i.postimg.cc/Bb8pVQL0/Gall-Cerealitas-200-gr.png,Glovo,2019-10-13,2019-10-13 05:37:45,https://i.postimg.cc/Bb8pVQL0/Gall-Cerealitas-200-gr.png,Snacks y golosinas > Galletitas > Galletitas
600,237891322,Galletitas Club Social Queso 144 gr,25.0,ARS,Bue/365-bue/600/365*Kioscos*Argentinos/KIOSCOYBEBIDAS_LATAM/17148/30392,https://i.postimg.cc/sgCmTz3k/Gall-Club-Social-Queso.png,Glovo,2019-10-13,2019-10-13 05:37:45,https://i.postimg.cc/sgCmTz3k/Gall-Club-Social-Queso.png,Snacks y golosinas > Galletitas > Galletitas
600,237891323,Galletitas Club Social JamÃ³n 144 gr,25.0,ARS,Bue/365-bue/600/365*Kioscos*Argentinos/KIOSCOYBEBIDAS_LATAM/17148/30392,https://i.postimg.cc/B6zcH9hw/Gall-Club-Social-Jam-n.jpg,Glovo,2019-10-13,2019-10-13 05:37:45,https://i.postimg.cc/B6zcH9hw/Gall-Club-Social-Jam-n.jpg,Snacks y golosinas > Galletitas > Galletitas
600,237891324,Galletitas Club Social Original 144 gr,25.0,ARS,Bue/365-bue/600/365*Kioscos*Argentinos/KIOSCOYBEBIDAS_LATAM/17148/30392,https://i.postimg.cc/1RLb1L9H/Gall-Club-Social-Original.png,Glovo,2019-10-13,2019-10-13 05:37:45,https://i.postimg.cc/1RLb1L9H/Gall-Club-Social-Original.png,Snacks y golosinas > Galletitas > Galletitas
600,237891325,Galletitas Don Satur Dulce 200 gr,45.0,ARS,Bue/365-bue/600/365*Kioscos*Argentinos/KIOSCOYBEBIDAS_LATAM/17148/30392,https://i.postimg.cc/TPY4cx9R/Gall-Don-Satur-Dulce.png,Glovo,2019-10-13,2019-10-13 05:37:45,https://i.postimg.cc/TPY4cx9R/Gall-Don-Satur-Dulce.png,Snacks y golosinas > Galletitas > Galletitas
600,237891326,Galletitas Don Satur Salado 200 gr,45.0,ARS,Bue/365-bue/600/365*Kioscos*Argentinos/KIOSCOYBEBIDAS_LATAM/17148/30392,https://i.postimg.cc/Y9vDJxZZ/Gall-Don-Satur-Salado.png,Glovo,2019-10-13,2019-10-13 05:37:45,https://i.postimg.cc/Y9vDJxZZ/Gall-Don-Satur-Salado.png,Snacks y golosinas > Galletitas > Galletitas
600,237891327,Galletitas Oreo 181 gr,88.0,ARS,Bue/365-bue/600/365*Kioscos*Argentinos/KIOSCOYBEBIDAS_LATAM/17148/30392,https://i.postimg.cc/nc4SbrSF/Galletitas-Oreo.png,Glovo,2019-10-13,2019-10-13 05:37:45,https://i.postimg.cc/nc4SbrSF/Galletitas-Oreo.png,Snacks y golosinas > Galletitas > Galletitas
600,237891328,Oreo baÃ±ada Chocolate bolsa 204 gr,165.0,ARS,Bue/365-bue/600/365*Kioscos*Argentinos/KIOSCOYBEBIDAS_LATAM/17148/30392,https://i.postimg.cc/9FCt9p12/Oreo-ba-ada-chocolate-bolsa.png,Glovo,2019-10-13,2019-10-13 05:37:45,https://i.postimg.cc/9FCt9p12/Oreo-ba-ada-chocolate-bolsa.png,Snacks y golosinas > Galletitas > Galletitas
600,237891329,Rex caja 125 gr,90.0,ARS,Bue/365-bue/600/365*Kioscos*Argentinos/KIOSCOYBEBIDAS_LATAM/17148/30392,https://i.postimg.cc/RZbcjzmC/Rex-caja-125-gr.jpg,Glovo,2019-10-13,2019-10-13 05:37:45,https://i.postimg.cc/RZbcjzmC/Rex-caja-125-gr.jpg,Snacks y golosinas > Galletitas > Galletitas
600,237891330,Galletitas Pepito 118 gr,85.0,ARS,Bue/365-bue/600/365*Kioscos*Argentinos/KIOSCOYBEBIDAS_LATAM/17148/30392,https://i.postimg.cc/FzZSpMG4/Galletitas-Pepito.png,Glovo,2019-10-13,2019-10-13 05:37:45,https://i.postimg.cc/FzZSpMG4/Galletitas-Pepito.png,Snacks y golosinas > Galletitas > Galletitas
600,237891331,Variedad Terrabusi 400 gr,135.0,ARS,Bue/365-bue/600/365*Kioscos*Argentinos/KIOSCOYBEBIDAS_LATAM/17148/30392,https://i.postimg.cc/Jn3H7ffk/Variedad-Terrabusi.jpg,Glovo,2019-10-13,2019-10-13 05:37:45,https://i.postimg.cc/Jn3H7ffk/Variedad-Terrabusi.jpg,Snacks y golosinas > Galletitas > Galletitas
600,237891315,Prime Tachas,130.0,ARS,Bue/365-bue/600/365*Kioscos*Argentinos/KIOSCOYBEBIDAS_LATAM/17148/30392,https://i.postimg.cc/LXG7Dmjg/Prime-Tachas.png,Glovo,2019-10-13,2019-10-13 05:37:45,https://i.postimg.cc/LXG7Dmjg/Prime-Tachas.png,"Preservativos, perfumería y pilas > Preservativos > Preservativos"
600,237891316,Prime Espermicida,130.0,ARS,Bue/365-bue/600/365*Kioscos*Argentinos/KIOSCOYBEBIDAS_LATAM/17148/30392,https://i.postimg.cc/Gmz5NFkC/Prime-Espermicida.png,Glovo,2019-10-13,2019-10-13 05:37:45,https://i.postimg.cc/Gmz5NFkC/Prime-Espermicida.png,"Preservativos, perfumería y pilas > Preservativos > Preservativos"
600,237891317,Prime Retardante,130.0,ARS,Bue/365-bue/600/365*Kioscos*Argentinos/KIOSCOYBEBIDAS_LATAM/17148/30392,https://i.postimg.cc/pLV0Dm31/Prime-Retardante.jpg,Glovo,2019-10-13,2019-10-13 05:37:45,https://i.postimg.cc/pLV0Dm31/Prime-Retardante.jpg,"Preservativos, perfumería y pilas > Preservativos > Preservativos"
600,237891318,Prime Warming,130.0,ARS,Bue/365-bue/600/365*Kioscos*Argentinos/KIOSCOYBEBIDAS_LATAM/17148/30392,https://i.postimg.cc/wB70GSqX/Prime-Warming.png,Glovo,2019-10-13,2019-10-13 05:37:45,https://i.postimg.cc/wB70GSqX/Prime-Warming.png,"Preservativos, perfumería y pilas > Preservativos > Preservativos"
600,237891319,Prime Skynn,190.0,ARS,Bue/365-bue/600/365*Kioscos*Argentinos/KIOSCOYBEBIDAS_LATAM/17148/30392,https://i.postimg.cc/rFMgkdyF/Prime-Skyn.png,Glovo,2019-10-13,2019-10-13 05:37:45,https://i.postimg.cc/rFMgkdyF/Prime-Skyn.png,"Preservativos, perfumería y pilas > Preservativos > Preservativos"
600,237891320,Prime Fino,130.0,ARS,Bue/365-bue/600/365*Kioscos*Argentinos/KIOSCOYBEBIDAS_LATAM/17148/30392,https://i.postimg.cc/yNgyPcjn/Prime-Fino.png,Glovo,2019-10-13,2019-10-13 05:37:45,https://i.postimg.cc/yNgyPcjn/Prime-Fino.png,"Preservativos, perfumería y pilas > Preservativos > Preservativos"
600,237891271,Pilas Duracell AA 1 paq,165.0,ARS,Bue/365-bue/600/365*Kioscos*Argentinos/KIOSCOYBEBIDAS_LATAM/17148/30392,https://i.postimg.cc/vHV2YRf3/Pilas-Duracell-AA-1-paq.png,Glovo,2019-10-13,2019-10-13 05:37:45,https://i.postimg.cc/vHV2YRf3/Pilas-Duracell-AA-1-paq.png,"Preservativos, perfumería y pilas > Pilas > Pilas"
600,237891272,Pilas Duracell AAA 1 paq,243.0,ARS,Bue/365-bue/600/365*Kioscos*Argentinos/KIOSCOYBEBIDAS_LATAM/17148/30392,https://i.postimg.cc/v8gwVN56/Pilas-Duracell-AAA-1-paq.png,Glovo,2019-10-13,2019-10-13 05:37:45,https://i.postimg.cc/v8gwVN56/Pilas-Duracell-AAA-1-paq.png,"Preservativos, perfumería y pilas > Pilas > Pilas"
600,237891273,Promo Duracell AA 4 uds,165.0,ARS,Bue/365-bue/600/365*Kioscos*Argentinos/KIOSCOYBEBIDAS_LATAM/17148/30392,https://i.postimg.cc/Rh9148Bb/Promo-Duracell-AA-4-uds.png,Glovo,2019-10-13,2019-10-13 05:37:45,https://i.postimg.cc/Rh9148Bb/Promo-Duracell-AA-4-uds.png,"Preservativos, perfumería y pilas > Pilas > Pilas"
600,237891274,Promo Duracell AAA 4 uds,243.0,ARS,Bue/365-bue/600/365*Kioscos*Argentinos/KIOSCOYBEBIDAS_LATAM/17148/30392,https://i.postimg.cc/8PZdgtnt/Promo-Duracell-AAA-4-uds.png,Glovo,2019-10-13,2019-10-13 05:37:45,https://i.postimg.cc/8PZdgtnt/Promo-Duracell-AAA-4-uds.png,"Preservativos, perfumería y pilas > Pilas > Pilas"
600,237891244,Carilina Elite,10.0,ARS,Bue/365-bue/600/365*Kioscos*Argentinos/KIOSCOYBEBIDAS_LATAM/17148/30392,https://i.postimg.cc/7ZSRVvLf/Carilina-Elite.png,Glovo,2019-10-13,2019-10-13 05:37:45,https://i.postimg.cc/7ZSRVvLf/Carilina-Elite.png,"Preservativos, perfumería y pilas > Cuidado Facial > Cuidado Facial"
600,237891245,Prestobarba Ultragrip Azul,40.0,ARS,Bue/365-bue/600/365*Kioscos*Argentinos/KIOSCOYBEBIDAS_LATAM/17148/30392,https://i.postimg.cc/k4YY4qTh/Prestobarba-Ultragrip-Azul.jpg,Glovo,2019-10-13,2019-10-13 05:37:45,https://i.postimg.cc/k4YY4qTh/Prestobarba-Ultragrip-Azul.jpg,"Preservativos, perfumería y pilas > Cuidado Facial > Cuidado Facial"
600,237891177,Chocolate Cadbury Yoghurt Frutilla 80 gr,140.0,ARS,Bue/365-bue/600/365*Kioscos*Argentinos/KIOSCOYBEBIDAS_LATAM/17148/30392,https://i.postimg.cc/jSr52gh6/Choc-Cadbury-Yoghurt-Frutilla-80-gr.png,Glovo,2019-10-13,2019-10-13 05:37:45,https://i.postimg.cc/jSr52gh6/Choc-Cadbury-Yoghurt-Frutilla-80-gr.png,Snacks y golosinas > Chocolates > Chocolates
600,237891178,Chocolate Kinder Bueno 43 gr,90.0,ARS,Bue/365-bue/600/365*Kioscos*Argentinos/KIOSCOYBEBIDAS_LATAM/17148/30392,https://i.postimg.cc/WpBrm7nz/Chocolate-Kinder-Bueno.png,Glovo,2019-10-13,2019-10-13 05:37:45,https://i.postimg.cc/WpBrm7nz/Chocolate-Kinder-Bueno.png,Snacks y golosinas > Chocolates > Chocolates
600,237891179,Chocolate Kinder Bueno White 43 gr,90.0,ARS,Bue/365-bue/600/365*Kioscos*Argentinos/KIOSCOYBEBIDAS_LATAM/17148/30392,https://i.postimg.cc/BnqjN71S/Chocolate-Kinder-Bueno-White.png,Glovo,2019-10-13,2019-10-13 05:37:45,https://i.postimg.cc/BnqjN71S/Chocolate-Kinder-Bueno-White.png,Snacks y golosinas > Chocolates > Chocolates
600,237891180,Chocolate Ferrero Rocher 3 uds,95.0,ARS,Bue/365-bue/600/365*Kioscos*Argentinos/KIOSCOYBEBIDAS_LATAM/17148/30392,https://i.postimg.cc/d0htSbQY/Choc-Ferrero-Rocher-3-uds.png,Glovo,2019-10-13,2019-10-13 05:37:45,https://i.postimg.cc/d0htSbQY/Choc-Ferrero-Rocher-3-uds.png,Snacks y golosinas > Chocolates > Chocolates
600,237891181,Chocolate Nestle Kit Kat 41 gr,65.0,ARS,Bue/365-bue/600/365*Kioscos*Argentinos/KIOSCOYBEBIDAS_LATAM/17148/30392,https://i.postimg.cc/KvmcykcQ/Choc-Nestle-Kit-Kat.png,Glovo,2019-10-13,2019-10-13 05:37:45,https://i.postimg.cc/KvmcykcQ/Choc-Nestle-Kit-Kat.png,Snacks y golosinas > Chocolates > Chocolates
600,237891182,Chocolate Snickers 52 gr,95.0,ARS,Bue/365-bue/600/365*Kioscos*Argentinos/KIOSCOYBEBIDAS_LATAM/17148/30392,https://i.postimg.cc/50c1KjkB/Choc-Snickers-52-gr.png,Glovo,2019-10-13,2019-10-13 05:37:45,https://i.postimg.cc/50c1KjkB/Choc-Snickers-52-gr.png,Snacks y golosinas > Chocolates > Chocolates
600,237891183,Chocolate Milka Chocolateo Pause 45 gr,70.0,ARS,Bue/365-bue/600/365*Kioscos*Argentinos/KIOSCOYBEBIDAS_LATAM/17148/30392,https://i.postimg.cc/zvtcMcXs/Choc-Milka-Choco-Pause-45-gr.png,Glovo,2019-10-13,2019-10-13 05:37:45,https://i.postimg.cc/zvtcMcXs/Choc-Milka-Choco-Pause-45-gr.png,Snacks y golosinas > Chocolates > Chocolates
600,237891184,Chocolate Milka Lila Go Avellana 43 gr,70.0,ARS,Bue/365-bue/600/365*Kioscos*Argentinos/KIOSCOYBEBIDAS_LATAM/17148/30392,https://i.postimg.cc/JzB26KwF/Choc-Milka-Lila-Go-Avellana-43-gr.png,Glovo,2019-10-13,2019-10-13 05:37:45,https://i.postimg.cc/JzB26KwF/Choc-Milka-Lila-Go-Avellana-43-gr.png,Snacks y golosinas > Chocolates > Chocolates
600,237891185,Chocolate Milka Lila Go Oreo 43 gr,70.0,ARS,Bue/365-bue/600/365*Kioscos*Argentinos/KIOSCOYBEBIDAS_LATAM/17148/30392,https://i.postimg.cc/xTGNfWzQ/Milka-Go-Oreo.png,Glovo,2019-10-13,2019-10-13 05:37:45,https://i.postimg.cc/xTGNfWzQ/Milka-Go-Oreo.png,Snacks y golosinas > Chocolates > Chocolates
600,237891186,Chocolate Milka Lila Go Frutilla 43 gr,70.0,ARS,Bue/365-bue/600/365*Kioscos*Argentinos/KIOSCOYBEBIDAS_LATAM/17148/30392,https://i.postimg.cc/mk5mV1mR/Choc-Milka-Lila-Go-Frutilla-43-gr.png,Glovo,2019-10-13,2019-10-13 05:37:45,https://i.postimg.cc/mk5mV1mR/Choc-Milka-Lila-Go-Frutilla-43-gr.png,Snacks y golosinas > Chocolates > Chocolates
600,237891187,Chocolate Milka Lila Go Nougat 43 gr,70.0,ARS,Bue/365-bue/600/365*Kioscos*Argentinos/KIOSCOYBEBIDAS_LATAM/17148/30392,https://i.postimg.cc/yYNCxRJN/Choc-Milka-Lila-Go-Nougat-43-gr.png,Glovo,2019-10-13,2019-10-13 05:37:45,https://i.postimg.cc/yYNCxRJN/Choc-Milka-Lila-Go-Nougat-43-gr.png,Snacks y golosinas > Chocolates > Chocolates
600,237891188,Oblea Gallo 20 gr,33.0,ARS,Bue/365-bue/600/365*Kioscos*Argentinos/KIOSCOYBEBIDAS_LATAM/17148/30392,https://i.postimg.cc/Fs68KB5P/Oblea-Gallo.png,Glovo,2019-10-13,2019-10-13 05:37:45,https://i.postimg.cc/Fs68KB5P/Oblea-Gallo.png,Snacks y golosinas > Chocolates > Chocolates
600,237891189,Gallo Chocobar 20 gr,33.0,ARS,Bue/365-bue/600/365*Kioscos*Argentinos/KIOSCOYBEBIDAS_LATAM/17148/30392,https://i.postimg.cc/tJJbKnW7/Chocobar.png,Glovo,2019-10-13,2019-10-13 05:37:45,https://i.postimg.cc/tJJbKnW7/Chocobar.png,Snacks y golosinas > Chocolates > Chocolates
600,237891190,Gallo Chococrunch Blanco 20 gr,33.0,ARS,Bue/365-bue/600/365*Kioscos*Argentinos/KIOSCOYBEBIDAS_LATAM/17148/30392,https://i.postimg.cc/mrP5W36v/Chococrunch-Blanco.png,Glovo,2019-10-13,2019-10-13 05:37:45,https://i.postimg.cc/mrP5W36v/Chococrunch-Blanco.png,Snacks y golosinas > Chocolates > Chocolates
600,237891191,Gallo Chococrunch 20 gr,33.0,ARS,Bue/365-bue/600/365*Kioscos*Argentinos/KIOSCOYBEBIDAS_LATAM/17148/30392,https://i.postimg.cc/J0jwV3tr/Chococrunch.jpg,Glovo,2019-10-13,2019-10-13 05:37:45,https://i.postimg.cc/J0jwV3tr/Chococrunch.jpg,Snacks y golosinas > Chocolates > Chocolates
600,237891192,Chocolate Bananita Dolca 14 gr,53.0,ARS,Bue/365-bue/600/365*Kioscos*Argentinos/KIOSCOYBEBIDAS_LATAM/17148/30392,https://i.postimg.cc/cJ78H2jw/Choc-Bananita-Dolca.jpg,Glovo,2019-10-13,2019-10-13 05:37:45,https://i.postimg.cc/cJ78H2jw/Choc-Bananita-Dolca.jpg,Snacks y golosinas > Chocolates > Chocolates
600,237891193,Chocolate Dos Corazones 26 gr,45.0,ARS,Bue/365-bue/600/365*Kioscos*Argentinos/KIOSCOYBEBIDAS_LATAM/17148/30392,https://i.postimg.cc/VsZ0dj7G/Choc-Dos-Corazones.png,Glovo,2019-10-13,2019-10-13 05:37:45,https://i.postimg.cc/VsZ0dj7G/Choc-Dos-Corazones.png,Snacks y golosinas > Chocolates > Chocolates
600,237891194,Chocolate Shot 35gr,50.0,ARS,Bue/365-bue/600/365*Kioscos*Argentinos/KIOSCOYBEBIDAS_LATAM/17148/30392,https://i.postimg.cc/DZymzZ13/Choc-Shot-35-G.jpg,Glovo,2019-10-13,2019-10-13 05:37:45,https://i.postimg.cc/DZymzZ13/Choc-Shot-35-G.jpg,Snacks y golosinas > Chocolates > Chocolates
600,237891195,Chocolate Nugaton Leche 27 gr,32.0,ARS,Bue/365-bue/600/365*Kioscos*Argentinos/KIOSCOYBEBIDAS_LATAM/17148/30392,https://i.postimg.cc/ZnWRrMff/Choc-Nugaton-Leche.png,Glovo,2019-10-13,2019-10-13 05:37:45,https://i.postimg.cc/ZnWRrMff/Choc-Nugaton-Leche.png,Snacks y golosinas > Chocolates > Chocolates
600,237891196,Chocolate Nugaton Blanco 27 gr,32.0,ARS,Bue/365-bue/600/365*Kioscos*Argentinos/KIOSCOYBEBIDAS_LATAM/17148/30392,https://i.postimg.cc/v8KDQGBC/Choc-Nugaton-Blanco.png,Glovo,2019-10-13,2019-10-13 05:37:45,https://i.postimg.cc/v8KDQGBC/Choc-Nugaton-Blanco.png,Snacks y golosinas > Chocolates > Chocolates
600,237891197,Chocolate Nugaton Amargo 27 gr,32.0,ARS,Bue/365-bue/600/365*Kioscos*Argentinos/KIOSCOYBEBIDAS_LATAM/17148/30392,https://i.postimg.cc/nz48NYXH/Choc-Nugaton-Amargo.png,Glovo,2019-10-13,2019-10-13 05:37:45,https://i.postimg.cc/nz48NYXH/Choc-Nugaton-Amargo.png,Snacks y golosinas > Chocolates > Chocolates
600,237891198,Chocolate Rhodesia 60 gr,30.0,ARS,Bue/365-bue/600/365*Kioscos*Argentinos/KIOSCOYBEBIDAS_LATAM/17148/30392,https://i.postimg.cc/0Q0k7qdd/Rhodesia.png,Glovo,2019-10-13,2019-10-13 05:37:45,https://i.postimg.cc/0Q0k7qdd/Rhodesia.png,Snacks y golosinas > Chocolates > Chocolates
600,237891199,Chocolate Tita 18 gr,25.0,ARS,Bue/365-bue/600/365*Kioscos*Argentinos/KIOSCOYBEBIDAS_LATAM/17148/30392,https://i.postimg.cc/m2NnRgZS/Choc-Tita.png,Glovo,2019-10-13,2019-10-13 05:37:45,https://i.postimg.cc/m2NnRgZS/Choc-Tita.png,Snacks y golosinas > Chocolates > Chocolates
600,237891200,Bocadito Marroc 14gr,23.0,ARS,Bue/365-bue/600/365*Kioscos*Argentinos/KIOSCOYBEBIDAS_LATAM/17148/30392,https://i.postimg.cc/cLwv9Pd2/Boc-Marroc.png,Glovo,2019-10-13,2019-10-13 05:37:45,https://i.postimg.cc/cLwv9Pd2/Boc-Marroc.png,Snacks y golosinas > Chocolates > Chocolates
600,237891201,Vauquita 25 gr,30.0,ARS,Bue/365-bue/600/365*Kioscos*Argentinos/KIOSCOYBEBIDAS_LATAM/17148/30392,https://i.postimg.cc/PxTLgySy/Vauquita-25-gr.png,Glovo,2019-10-13,2019-10-13 05:37:45,https://i.postimg.cc/PxTLgySy/Vauquita-25-gr.png,Snacks y golosinas > Chocolates > Chocolates
600,237891202,Vauquita Light 25 gr,30.0,ARS,Bue/365-bue/600/365*Kioscos*Argentinos/KIOSCOYBEBIDAS_LATAM/17148/30392,https://i.postimg.cc/KjsRg2xp/Vauquita-Light-25-gr.jpg,Glovo,2019-10-13,2019-10-13 05:37:45,https://i.postimg.cc/KjsRg2xp/Vauquita-Light-25-gr.jpg,Snacks y golosinas > Chocolates > Chocolates
600,237891203,Bon O Bon Clasico 15 gr,18.0,ARS,Bue/365-bue/600/365*Kioscos*Argentinos/KIOSCOYBEBIDAS_LATAM/17148/30392,https://i.postimg.cc/90GccHzq/Bon-O-Bon-Clasico.jpg,Glovo,2019-10-13,2019-10-13 05:37:45,https://i.postimg.cc/90GccHzq/Bon-O-Bon-Clasico.jpg,Snacks y golosinas > Chocolates > Chocolates
600,237891204,Nutella 140 gr,175.0,ARS,Bue/365-bue/600/365*Kioscos*Argentinos/KIOSCOYBEBIDAS_LATAM/17148/30392,https://i.postimg.cc/Fs7xCFdR/Nutella-140-gr.png,Glovo,2019-10-13,2019-10-13 05:37:45,https://i.postimg.cc/Fs7xCFdR/Nutella-140-gr.png,Snacks y golosinas > Chocolates > Chocolates
600,237891205,Chocolate Milka leche 55 gr,175.0,ARS,Bue/365-bue/600/365*Kioscos*Argentinos/KIOSCOYBEBIDAS_LATAM/17148/30392,https://i.postimg.cc/wMZH5xPP/MIlka-Leche-55gr.png,Glovo,2019-10-13,2019-10-13 05:37:45,https://i.postimg.cc/wMZH5xPP/MIlka-Leche-55gr.png,Snacks y golosinas > Chocolates > Chocolates
600,237891206,Chocolate Milka leche 20 gr,32.0,ARS,Bue/365-bue/600/365*Kioscos*Argentinos/KIOSCOYBEBIDAS_LATAM/17148/30392,https://i.postimg.cc/DfH8P7qn/Milka-Leche-20gr.png,Glovo,2019-10-13,2019-10-13 05:37:45,https://i.postimg.cc/DfH8P7qn/Milka-Leche-20gr.png,Snacks y golosinas > Chocolates > Chocolates
600,237891207,Chocolate Milka leche 150 gr,290.0,ARS,Bue/365-bue/600/365*Kioscos*Argentinos/KIOSCOYBEBIDAS_LATAM/17148/30392,https://i.postimg.cc/tRZcYHyL/Milka-Leche-150gr.png,Glovo,2019-10-13,2019-10-13 05:37:45,https://i.postimg.cc/tRZcYHyL/Milka-Leche-150gr.png,Snacks y golosinas > Chocolates > Chocolates
600,237891208,Cadbury de leche 170 gr,300.0,ARS,Bue/365-bue/600/365*Kioscos*Argentinos/KIOSCOYBEBIDAS_LATAM/17148/30392,https://i.postimg.cc/nLrkgvh6/Cadbury-de-leche-170-gr.png,Glovo,2019-10-13,2019-10-13 05:37:45,https://i.postimg.cc/nLrkgvh6/Cadbury-de-leche-170-gr.png,Snacks y golosinas > Chocolates > Chocolates
600,237891209,Chocolate Shot 170 gr,255.0,ARS,Bue/365-bue/600/365*Kioscos*Argentinos/KIOSCOYBEBIDAS_LATAM/17148/30392,https://i.postimg.cc/VL4Xwdp1/Shot-170-gr.png,Glovo,2019-10-13,2019-10-13 05:37:45,https://i.postimg.cc/VL4Xwdp1/Shot-170-gr.png,Snacks y golosinas > Chocolates > Chocolates
600,237891210,ManÃ­ confitado con chocolate Shot 40 gr,43.0,ARS,Bue/365-bue/600/365*Kioscos*Argentinos/KIOSCOYBEBIDAS_LATAM/17148/30392,https://i.postimg.cc/VL4Xwdp1/Shot-170-gr.png,Glovo,2019-10-13,2019-10-13 05:37:45,https://i.postimg.cc/VL4Xwdp1/Shot-170-gr.png,Snacks y golosinas > Chocolates > Chocolates
600,237891211,Chocolate Kinder T4,75.0,ARS,Bue/365-bue/600/365*Kioscos*Argentinos/KIOSCOYBEBIDAS_LATAM/17148/30392,https://i.postimg.cc/qvMSB67G/Chocolate-Kinder-T4.png,Glovo,2019-10-13,2019-10-13 05:37:45,https://i.postimg.cc/qvMSB67G/Chocolate-Kinder-T4.png,Snacks y golosinas > Chocolates > Chocolates
600,237891212,Chocolate Milka leche blanco 155 gr,290.0,ARS,Bue/365-bue/600/365*Kioscos*Argentinos/KIOSCOYBEBIDAS_LATAM/17148/30392,https://i.postimg.cc/y8tjqD3x/Chocolate-Milka-leche-blanco-155-gr.png,Glovo,2019-10-13,2019-10-13 05:37:45,https://i.postimg.cc/y8tjqD3x/Chocolate-Milka-leche-blanco-155-gr.png,Snacks y golosinas > Chocolates > Chocolates
600,237891213,Milka almendras 155 gr,290.0,ARS,Bue/365-bue/600/365*Kioscos*Argentinos/KIOSCOYBEBIDAS_LATAM/17148/30392,https://i.postimg.cc/QCdY8R8d/Milka-almendras-155-gr.png,Glovo,2019-10-13,2019-10-13 05:37:45,https://i.postimg.cc/QCdY8R8d/Milka-almendras-155-gr.png,Snacks y golosinas > Chocolates > Chocolates
600,237891214,Chocolate Milka almendras 20 gr,32.0,ARS,Bue/365-bue/600/365*Kioscos*Argentinos/KIOSCOYBEBIDAS_LATAM/17148/30392,https://i.postimg.cc/QCdY8R8d/Milka-almendras-155-gr.png,Glovo,2019-10-13,2019-10-13 05:37:45,https://i.postimg.cc/QCdY8R8d/Milka-almendras-155-gr.png,Snacks y golosinas > Chocolates > Chocolates
600,237891215,Chocolate Milka oreo blanco 20 gr,32.0,ARS,Bue/365-bue/600/365*Kioscos*Argentinos/KIOSCOYBEBIDAS_LATAM/17148/30392,https://i.postimg.cc/2SxD5fm4/Chocolate-Milka-oreo-blanco-20-gr.png,Glovo,2019-10-13,2019-10-13 05:37:45,https://i.postimg.cc/2SxD5fm4/Chocolate-Milka-oreo-blanco-20-gr.png,Snacks y golosinas > Chocolates > Chocolates
600,237891216,Chocolate Milka almendras 55 gr,110.0,ARS,Bue/365-bue/600/365*Kioscos*Argentinos/KIOSCOYBEBIDAS_LATAM/17148/30392,https://i.postimg.cc/nL7qmTRY/Chocolate-Milka-almendras-55-gr-posta.jpg,Glovo,2019-10-13,2019-10-13 05:37:45,https://i.postimg.cc/nL7qmTRY/Chocolate-Milka-almendras-55-gr-posta.jpg,Snacks y golosinas > Chocolates > Chocolates
600,237891217,Chocolate Milka oreo blanco 55 gr,110.0,ARS,Bue/365-bue/600/365*Kioscos*Argentinos/KIOSCOYBEBIDAS_LATAM/17148/30392,https://i.postimg.cc/XJ534Bvv/Milka-Oreo-55gr.png,Glovo,2019-10-13,2019-10-13 05:37:45,https://i.postimg.cc/XJ534Bvv/Milka-Oreo-55gr.png,Snacks y golosinas > Chocolates > Chocolates
600,237891218,Chocolate Nestle Dark Kit Kat 41 gr,65.0,ARS,Bue/365-bue/600/365*Kioscos*Argentinos/KIOSCOYBEBIDAS_LATAM/17148/30392,https://i.postimg.cc/CLhy6Qb5/Kit-Kat-Dark.png,Glovo,2019-10-13,2019-10-13 05:37:45,https://i.postimg.cc/CLhy6Qb5/Kit-Kat-Dark.png,Snacks y golosinas > Chocolates > Chocolates
600,237891219,Chocolate Nestle White Kit Kat 41 gr,65.0,ARS,Bue/365-bue/600/365*Kioscos*Argentinos/KIOSCOYBEBIDAS_LATAM/17148/30392,https://i.postimg.cc/T19Pv5kD/Kit-Kat-Blanco.jpg,Glovo,2019-10-13,2019-10-13 05:37:45,https://i.postimg.cc/T19Pv5kD/Kit-Kat-Blanco.jpg,Snacks y golosinas > Chocolates > Chocolates
600,237891220,Chocolate Kinder Huevo Sorpresa 20 gr,85.0,ARS,Bue/365-bue/600/365*Kioscos*Argentinos/KIOSCOYBEBIDAS_LATAM/17148/30392,https://i.postimg.cc/26xY1R4p/Kinder-Sorpresa.jpg,Glovo,2019-10-13,2019-10-13 05:37:45,https://i.postimg.cc/26xY1R4p/Kinder-Sorpresa.jpg,Snacks y golosinas > Chocolates > Chocolates
600,237891352,Confites Sugus 50 gr,45.0,ARS,Bue/365-bue/600/365*Kioscos*Argentinos/KIOSCOYBEBIDAS_LATAM/17148/30392,https://i.postimg.cc/MKLHwZnL/Conf-Sugus.png,Glovo,2019-10-13,2019-10-13 05:37:46,https://i.postimg.cc/MKLHwZnL/Conf-Sugus.png,Snacks y golosinas > Golosinas > Caramelos
600,237891360,Pastillas Tic Tac Menta,30.0,ARS,Bue/365-bue/600/365*Kioscos*Argentinos/KIOSCOYBEBIDAS_LATAM/17148/30392,https://i.postimg.cc/0jftSHw6/Pastillas-Tic-Tac-Menta.png,Glovo,2019-10-13,2019-10-13 05:37:46,https://i.postimg.cc/0jftSHw6/Pastillas-Tic-Tac-Menta.png,Snacks y golosinas > Golosinas > Caramelos
600,237891359,Pastillas Halls Cherry,30.0,ARS,Bue/365-bue/600/365*Kioscos*Argentinos/KIOSCOYBEBIDAS_LATAM/17148/30392,https://i.postimg.cc/Tw2fmBym/Pastillas-Halls-Cherry.png,Glovo,2019-10-13,2019-10-13 05:37:46,https://i.postimg.cc/Tw2fmBym/Pastillas-Halls-Cherry.png,Snacks y golosinas > Golosinas > Caramelos
600,237891358,Pastillas Halls Mentol,30.0,ARS,Bue/365-bue/600/365*Kioscos*Argentinos/KIOSCOYBEBIDAS_LATAM/17148/30392,https://i.postimg.cc/BnsS48qM/Pastillas-Halls-Mentol.png,Glovo,2019-10-13,2019-10-13 05:37:46,https://i.postimg.cc/BnsS48qM/Pastillas-Halls-Mentol.png,Snacks y golosinas > Golosinas > Caramelos
600,237891357,Pastillas Halls Colors,30.0,ARS,Bue/365-bue/600/365*Kioscos*Argentinos/KIOSCOYBEBIDAS_LATAM/17148/30392,https://i.postimg.cc/HLdgDF9K/Pastillas-Halls-Colors.png,Glovo,2019-10-13,2019-10-13 05:37:46,https://i.postimg.cc/HLdgDF9K/Pastillas-Halls-Colors.png,Snacks y golosinas > Golosinas > Caramelos
600,237891356,Pastillas Halls Miel,30.0,ARS,Bue/365-bue/600/365*Kioscos*Argentinos/KIOSCOYBEBIDAS_LATAM/17148/30392,https://i.postimg.cc/XJySw3jr/Pastillas-Halls-Miel.png,Glovo,2019-10-13,2019-10-13 05:37:46,https://i.postimg.cc/XJySw3jr/Pastillas-Halls-Miel.png,Snacks y golosinas > Golosinas > Caramelos
600,237891355,Pastillas Halls Menta,30.0,ARS,Bue/365-bue/600/365*Kioscos*Argentinos/KIOSCOYBEBIDAS_LATAM/17148/30392,https://i.postimg.cc/0jLTt4NV/Pastillas-Halls-Menta.png,Glovo,2019-10-13,2019-10-13 05:37:46,https://i.postimg.cc/0jLTt4NV/Pastillas-Halls-Menta.png,Snacks y golosinas > Golosinas > Caramelos
600,237891354,Pastillas Halls Strong,30.0,ARS,Bue/365-bue/600/365*Kioscos*Argentinos/KIOSCOYBEBIDAS_LATAM/17148/30392,https://i.postimg.cc/qq0bzdzV/Pastillas-Halls-Strong.png,Glovo,2019-10-13,2019-10-13 05:37:46,https://i.postimg.cc/qq0bzdzV/Pastillas-Halls-Strong.png,Snacks y golosinas > Golosinas > Caramelos
600,237891353,Gomitas Mogul Rollos 35 gr,25.0,ARS,Bue/365-bue/600/365*Kioscos*Argentinos/KIOSCOYBEBIDAS_LATAM/17148/30392,https://i.postimg.cc/q7V7tmXX/Gom-Mogul-Rollos.png,Glovo,2019-10-13,2019-10-13 05:37:46,https://i.postimg.cc/q7V7tmXX/Gom-Mogul-Rollos.png,Snacks y golosinas > Golosinas > Caramelos
600,237891361,Pastillas Tic Tac Naranja,30.0,ARS,Bue/365-bue/600/365*Kioscos*Argentinos/KIOSCOYBEBIDAS_LATAM/17148/30392,https://i.postimg.cc/sg1nBmDX/Pastillas-Tic-Tac-Naranja.png,Glovo,2019-10-13,2019-10-13 05:37:46,https://i.postimg.cc/sg1nBmDX/Pastillas-Tic-Tac-Naranja.png,Snacks y golosinas > Golosinas > Caramelos
600,237891362,Pastillas Tic Tac Cereza / MaracuyÃ¡,30.0,ARS,Bue/365-bue/600/365*Kioscos*Argentinos/KIOSCOYBEBIDAS_LATAM/17148/30392,https://i.postimg.cc/k5bfs5SP/Pastillas-Tic-Tac-Cereza-y-Maracuy.png,Glovo,2019-10-13,2019-10-13 05:37:46,https://i.postimg.cc/k5bfs5SP/Pastillas-Tic-Tac-Cereza-y-Maracuy.png,Snacks y golosinas > Golosinas > Caramelos
600,237891365,Promo Halls 2 uds,50.0,ARS,Bue/365-bue/600/365*Kioscos*Argentinos/KIOSCOYBEBIDAS_LATAM/17148/30392,,Glovo,2019-10-13,2019-10-13 05:37:46,,Snacks y golosinas > Golosinas > Caramelos
600,237891364,Pastillas Tic Tac Mix de Frutas,30.0,ARS,Bue/365-bue/600/365*Kioscos*Argentinos/KIOSCOYBEBIDAS_LATAM/17148/30392,https://i.postimg.cc/bJLb9Xmj/Tic-Tac-Mix-de-Frutas.jpg,Glovo,2019-10-13,2019-10-13 05:37:46,https://i.postimg.cc/bJLb9Xmj/Tic-Tac-Mix-de-Frutas.jpg,Snacks y golosinas > Golosinas > Caramelos
600,237891363,Pastillas Tic Tac Mix Frutillas,30.0,ARS,Bue/365-bue/600/365*Kioscos*Argentinos/KIOSCOYBEBIDAS_LATAM/17148/30392,https://i.postimg.cc/VvYgzBVz/Pastillas-Tic-Tac-Mix-Frutillas.png,Glovo,2019-10-13,2019-10-13 05:37:46,https://i.postimg.cc/VvYgzBVz/Pastillas-Tic-Tac-Mix-Frutillas.png,Snacks y golosinas > Golosinas > Caramelos
600,237891351,Chocolate Milka leche Oreo 100 gr,215.0,ARS,Bue/365-bue/600/365*Kioscos*Argentinos/KIOSCOYBEBIDAS_LATAM/17148/30392,https://i.postimg.cc/3rzZvdW5/Chocolate-Milka-Oreo-100-gr.jpg,Glovo,2019-10-13,2019-10-13 05:37:46,https://i.postimg.cc/3rzZvdW5/Chocolate-Milka-Oreo-100-gr.jpg,Snacks y golosinas > Golosinas > Chocolates
600,237891350,Alfajor Terrabusi simple 50 gr,40.0,ARS,Bue/365-bue/600/365*Kioscos*Argentinos/KIOSCOYBEBIDAS_LATAM/17148/30392,https://i.postimg.cc/43Gssb0F/t-EERABUSI-SIMPLE.jpg,Glovo,2019-10-13,2019-10-13 05:37:46,https://i.postimg.cc/43Gssb0F/t-EERABUSI-SIMPLE.jpg,Snacks y golosinas > Golosinas > Alfajores
600,237891349,Chocoarroz Limon 28 gr,33.0,ARS,Bue/365-bue/600/365*Kioscos*Argentinos/KIOSCOYBEBIDAS_LATAM/17148/30392,https://i.postimg.cc/FH7J0msQ/Chocoarroz-Limon.png,Glovo,2019-10-13,2019-10-13 05:37:46,https://i.postimg.cc/FH7J0msQ/Chocoarroz-Limon.png,Snacks y golosinas > Golosinas > Alfajores
600,237891348,Chocoarroz Marroc 28 gr,33.0,ARS,Bue/365-bue/600/365*Kioscos*Argentinos/KIOSCOYBEBIDAS_LATAM/17148/30392,https://i.postimg.cc/xTgKKtvL/Chocoarroz-Marroc.png,Glovo,2019-10-13,2019-10-13 05:37:46,https://i.postimg.cc/xTgKKtvL/Chocoarroz-Marroc.png,Snacks y golosinas > Golosinas > Alfajores
600,237891221,Chicles Beldent Menta,30.0,ARS,Bue/365-bue/600/365*Kioscos*Argentinos/KIOSCOYBEBIDAS_LATAM/17148/30392,https://i.postimg.cc/PxY8RMBf/Chicles-Beldent-Menta-Fuerte.png,Glovo,2019-10-13,2019-10-13 05:37:46,https://i.postimg.cc/PxY8RMBf/Chicles-Beldent-Menta-Fuerte.png,Snacks y golosinas > Chicles > Chicles
600,237891222,Chicles Beldent Menta Fuerte,30.0,ARS,Bue/365-bue/600/365*Kioscos*Argentinos/KIOSCOYBEBIDAS_LATAM/17148/30392,https://i.postimg.cc/PxY8RMBf/Chicles-Beldent-Menta-Fuerte.png,Glovo,2019-10-13,2019-10-13 05:37:46,https://i.postimg.cc/PxY8RMBf/Chicles-Beldent-Menta-Fuerte.png,Snacks y golosinas > Chicles > Chicles
600,237891308,Lays ClÃ¡sicas 105 gr,95.0,ARS,Bue/365-bue/600/365*Kioscos*Argentinos/KIOSCOYBEBIDAS_LATAM/17148/30392,https://i.postimg.cc/fyZWHkg3/Lays-Cl-sicas-105-gr.png,Glovo,2019-10-13,2019-10-13 05:37:46,https://i.postimg.cc/fyZWHkg3/Lays-Cl-sicas-105-gr.png,Snacks y golosinas > Snacks > Snacks
600,237891309,Lays ClÃ¡sicas 60 gr,54.0,ARS,Bue/365-bue/600/365*Kioscos*Argentinos/KIOSCOYBEBIDAS_LATAM/17148/30392,https://i.postimg.cc/Hsn1TQ5Y/Lays-Clasicas-60g.jpg,Glovo,2019-10-13,2019-10-13 05:37:46,https://i.postimg.cc/Hsn1TQ5Y/Lays-Clasicas-60g.jpg,Snacks y golosinas > Snacks > Snacks
600,237891310,Lay Stax Original 140 gr,185.0,ARS,Bue/365-bue/600/365*Kioscos*Argentinos/KIOSCOYBEBIDAS_LATAM/17148/30392,https://i.postimg.cc/vmWp0XRz/Lay-Staxx-Original.png,Glovo,2019-10-13,2019-10-13 05:37:46,https://i.postimg.cc/vmWp0XRz/Lay-Staxx-Original.png,Snacks y golosinas > Snacks > Snacks
600,237891311,Lay Stax Chedar 140 gr,185.0,ARS,Bue/365-bue/600/365*Kioscos*Argentinos/KIOSCOYBEBIDAS_LATAM/17148/30392,https://i.postimg.cc/2y5M8D1c/Lay-Staxx-Chedar.png,Glovo,2019-10-13,2019-10-13 05:37:46,https://i.postimg.cc/2y5M8D1c/Lay-Staxx-Chedar.png,Snacks y golosinas > Snacks > Snacks
600,237891312,Lay Stax Crema y Cebolla 140 gr,185.0,ARS,Bue/365-bue/600/365*Kioscos*Argentinos/KIOSCOYBEBIDAS_LATAM/17148/30392,https://i.postimg.cc/tCwwy8pk/Lay-Staxx-Crema-y-Cebolla.png,Glovo,2019-10-13,2019-10-13 05:37:46,https://i.postimg.cc/tCwwy8pk/Lay-Staxx-Crema-y-Cebolla.png,Snacks y golosinas > Snacks > Snacks
600,237891347,Chocoarroz Leche 28 gr,33.0,ARS,Bue/365-bue/600/365*Kioscos*Argentinos/KIOSCOYBEBIDAS_LATAM/17148/30392,https://i.postimg.cc/15yGnLq9/Chocoarroz-Leche.png,Glovo,2019-10-13,2019-10-13 05:37:46,https://i.postimg.cc/15yGnLq9/Chocoarroz-Leche.png,Snacks y golosinas > Golosinas > Alfajores
600,237891346,Chocoarroz Blanco 28 gr,33.0,ARS,Bue/365-bue/600/365*Kioscos*Argentinos/KIOSCOYBEBIDAS_LATAM/17148/30392,https://i.postimg.cc/1zXMgbbg/Chocoarroz-Blanco.png,Glovo,2019-10-13,2019-10-13 05:37:46,https://i.postimg.cc/1zXMgbbg/Chocoarroz-Blanco.png,Snacks y golosinas > Golosinas > Alfajores
600,237891345,Alfajor Terrabusi Triple dulce de leche 70 gr,60.0,ARS,Bue/365-bue/600/365*Kioscos*Argentinos/KIOSCOYBEBIDAS_LATAM/17148/30392,https://i.postimg.cc/L41C3K5L/Alf-Terrabusi-Triple-Ddl.png,Glovo,2019-10-13,2019-10-13 05:37:46,https://i.postimg.cc/L41C3K5L/Alf-Terrabusi-Triple-Ddl.png,Snacks y golosinas > Golosinas > Alfajores
600,237891344,Alfajor Shot Triple 60 gr,60.0,ARS,Bue/365-bue/600/365*Kioscos*Argentinos/KIOSCOYBEBIDAS_LATAM/17148/30392,https://i.postimg.cc/tRZfvnS1/Alf-Shot-Triple.png,Glovo,2019-10-13,2019-10-13 05:37:46,https://i.postimg.cc/tRZfvnS1/Alf-Shot-Triple.png,Snacks y golosinas > Golosinas > Alfajores
600,237891343,Alfajor Milka Torta Oreo 65 gr,60.0,ARS,Bue/365-bue/600/365*Kioscos*Argentinos/KIOSCOYBEBIDAS_LATAM/17148/30392,https://i.postimg.cc/2ys7g65h/Alf-Milka-Torta-Oreo.png,Glovo,2019-10-13,2019-10-13 05:37:46,https://i.postimg.cc/2ys7g65h/Alf-Milka-Torta-Oreo.png,Snacks y golosinas > Golosinas > Alfajores
600,237891223,Chicles Beldent Infinit Wow Mint 7 uds,35.0,ARS,Bue/365-bue/600/365*Kioscos*Argentinos/KIOSCOYBEBIDAS_LATAM/17148/30392,https://i.postimg.cc/wjQfSXYV/Chicles-Beldent-Infinit-Wow-Mint-7-uds.png,Glovo,2019-10-13,2019-10-13 05:37:46,https://i.postimg.cc/wjQfSXYV/Chicles-Beldent-Infinit-Wow-Mint-7-uds.png,Snacks y golosinas > Chicles > Chicles
600,237891224,Chicles Beldent Infinit Wild Mint 7 uds,35.0,ARS,Bue/365-bue/600/365*Kioscos*Argentinos/KIOSCOYBEBIDAS_LATAM/17148/30392,https://i.postimg.cc/SxFfQJfv/Chicles-Beldent-Infinit-Wild-Mint-7-uds.png,Glovo,2019-10-13,2019-10-13 05:37:46,https://i.postimg.cc/SxFfQJfv/Chicles-Beldent-Infinit-Wild-Mint-7-uds.png,Snacks y golosinas > Chicles > Chicles
600,237891225,Chicles Beldent Infinit Live Mint 7 uds,35.0,ARS,Bue/365-bue/600/365*Kioscos*Argentinos/KIOSCOYBEBIDAS_LATAM/17148/30392,https://i.postimg.cc/fWCG9QrC/Chicles-Beldent-Infinit-Live-Mint-7-uds.png,Glovo,2019-10-13,2019-10-13 05:37:46,https://i.postimg.cc/fWCG9QrC/Chicles-Beldent-Infinit-Live-Mint-7-uds.png,Snacks y golosinas > Chicles > Chicles
600,237891226,Chicles Beldent Infinit Sandia 7 uds,35.0,ARS,Bue/365-bue/600/365*Kioscos*Argentinos/KIOSCOYBEBIDAS_LATAM/17148/30392,https://i.postimg.cc/Y9bdhMCm/Chicles-Beldent-Infinit-Sandia-7-uds.png,Glovo,2019-10-13,2019-10-13 05:37:46,https://i.postimg.cc/Y9bdhMCm/Chicles-Beldent-Infinit-Sandia-7-uds.png,Snacks y golosinas > Chicles > Chicles
600,237891227,Chicles Beldent Infinit Sweet Berry 7 uds,35.0,ARS,Bue/365-bue/600/365*Kioscos*Argentinos/KIOSCOYBEBIDAS_LATAM/17148/30392,https://i.postimg.cc/Y9bdhMCm/Chicles-Beldent-Infinit-Sandia-7-uds.png,Glovo,2019-10-13,2019-10-13 05:37:46,https://i.postimg.cc/Y9bdhMCm/Chicles-Beldent-Infinit-Sandia-7-uds.png,Snacks y golosinas > Chicles > Chicles
600,237891313,Doritos 105 gr,95.0,ARS,Bue/365-bue/600/365*Kioscos*Argentinos/KIOSCOYBEBIDAS_LATAM/17148/30392,https://i.postimg.cc/1zZdV6gN/Doritos-105-gr.png,Glovo,2019-10-13,2019-10-13 05:37:46,https://i.postimg.cc/1zZdV6gN/Doritos-105-gr.png,Snacks y golosinas > Snacks > Snacks
600,237891314,Cheetos 105 gr,95.0,ARS,Bue/365-bue/600/365*Kioscos*Argentinos/KIOSCOYBEBIDAS_LATAM/17148/30392,https://i.postimg.cc/rpchwkb1/Cheetos-105-gr.jpg,Glovo,2019-10-13,2019-10-13 05:37:46,https://i.postimg.cc/rpchwkb1/Cheetos-105-gr.jpg,Snacks y golosinas > Snacks > Snacks
600,237891342,Alfajor Jorgito Chocolate 55 gr,38.0,ARS,Bue/365-bue/600/365*Kioscos*Argentinos/KIOSCOYBEBIDAS_LATAM/17148/30392,https://i.postimg.cc/j2mMKcMW/Alf-Jorgito-Chocolate.png,Glovo,2019-10-13,2019-10-13 05:37:46,https://i.postimg.cc/j2mMKcMW/Alf-Jorgito-Chocolate.png,Snacks y golosinas > Golosinas > Alfajores
600,237891341,Alfajor Jorgito Blanco 55 gr,38.0,ARS,Bue/365-bue/600/365*Kioscos*Argentinos/KIOSCOYBEBIDAS_LATAM/17148/30392,https://i.postimg.cc/rsYv48sH/Alf-Jorgito-Blanco.png,Glovo,2019-10-13,2019-10-13 05:37:46,https://i.postimg.cc/rsYv48sH/Alf-Jorgito-Blanco.png,Snacks y golosinas > Golosinas > Alfajores
600,237891340,Alfajor Jorgito Fruta 55 gr,38.0,ARS,Bue/365-bue/600/365*Kioscos*Argentinos/KIOSCOYBEBIDAS_LATAM/17148/30392,https://i.postimg.cc/9QBsPtDT/Alf-Jorgito-Fruta.png,Glovo,2019-10-13,2019-10-13 05:37:46,https://i.postimg.cc/9QBsPtDT/Alf-Jorgito-Fruta.png,Snacks y golosinas > Golosinas > Alfajores
600,237891228,Chicles Beldent Infinit Wow Mint 14 uds,80.0,ARS,Bue/365-bue/600/365*Kioscos*Argentinos/KIOSCOYBEBIDAS_LATAM/17148/30392,https://i.postimg.cc/c4MBHdk1/Chicles-Beldent-Infinit-Wow-Mint-14-uds.png,Glovo,2019-10-13,2019-10-13 05:37:46,https://i.postimg.cc/c4MBHdk1/Chicles-Beldent-Infinit-Wow-Mint-14-uds.png,Snacks y golosinas > Chicles > Chicles
600,237891229,Chicles Beldent Infinit Wild Mint 14 uds,80.0,ARS,Bue/365-bue/600/365*Kioscos*Argentinos/KIOSCOYBEBIDAS_LATAM/17148/30392,https://i.postimg.cc/fWCG9QrC/Chicles-Beldent-Infinit-Live-Mint-7-uds.png,Glovo,2019-10-13,2019-10-13 05:37:46,https://i.postimg.cc/fWCG9QrC/Chicles-Beldent-Infinit-Live-Mint-7-uds.png,Snacks y golosinas > Chicles > Chicles
600,237891230,Chicles Beldent Infinit Live Mint 14 uds,80.0,ARS,Bue/365-bue/600/365*Kioscos*Argentinos/KIOSCOYBEBIDAS_LATAM/17148/30392,https://i.postimg.cc/4NMF6fb6/Chicles-Beldent-Infinit-Live-Mint-14-uds.png,Glovo,2019-10-13,2019-10-13 05:37:46,https://i.postimg.cc/4NMF6fb6/Chicles-Beldent-Infinit-Live-Mint-14-uds.png,Snacks y golosinas > Chicles > Chicles
600,237891339,Alfajor Milka Triple Mousse Blanco 55 gr,60.0,ARS,Bue/365-bue/600/365*Kioscos*Argentinos/KIOSCOYBEBIDAS_LATAM/17148/30392,https://i.postimg.cc/N07S48Lm/Alfajor-Milka-Triple-Mousse-Blanco.png,Glovo,2019-10-13,2019-10-13 05:37:46,https://i.postimg.cc/N07S48Lm/Alfajor-Milka-Triple-Mousse-Blanco.png,Snacks y golosinas > Golosinas > Alfajores
600,237891338,Alfajor Milka Triple Mousse Negro 55 gr,60.0,ARS,Bue/365-bue/600/365*Kioscos*Argentinos/KIOSCOYBEBIDAS_LATAM/17148/30392,https://i.postimg.cc/Fz2Tm17h/Alfajor-Milka-Triple-Mousse-Negro.png,Glovo,2019-10-13,2019-10-13 05:37:46,https://i.postimg.cc/Fz2Tm17h/Alfajor-Milka-Triple-Mousse-Negro.png,Snacks y golosinas > Golosinas > Alfajores
600,237891296,Cereal Mix Yoghurt original,38.0,ARS,Bue/365-bue/600/365*Kioscos*Argentinos/KIOSCOYBEBIDAS_LATAM/17148/30392,https://i.postimg.cc/fW1b1XM1/Cereal-Mix-Yoghurt-original.png,Glovo,2019-10-13,2019-10-13 05:37:46,https://i.postimg.cc/fW1b1XM1/Cereal-Mix-Yoghurt-original.png,Snacks y golosinas > Golosinas > Otros
600,237891297,Cereal Mix Yoghurt Frutilla Light,38.0,ARS,Bue/365-bue/600/365*Kioscos*Argentinos/KIOSCOYBEBIDAS_LATAM/17148/30392,https://i.postimg.cc/nrj6vC5D/Cereal-Mix-Yoghurt-Frutilla-Light.png,Glovo,2019-10-13,2019-10-13 05:37:46,https://i.postimg.cc/nrj6vC5D/Cereal-Mix-Yoghurt-Frutilla-Light.png,Snacks y golosinas > Golosinas > Otros
600,237891298,Mantecol 63 gr,48.0,ARS,Bue/365-bue/600/365*Kioscos*Argentinos/KIOSCOYBEBIDAS_LATAM/17148/30392,https://i.postimg.cc/28v5Y66y/Mantecol-X63-Gr.png,Glovo,2019-10-13,2019-10-13 05:37:46,https://i.postimg.cc/28v5Y66y/Mantecol-X63-Gr.png,Snacks y golosinas > Golosinas > Otros
600,237891231,Chicles Beldent Infinit Sandia 14 uds,80.0,ARS,Bue/365-bue/600/365*Kioscos*Argentinos/KIOSCOYBEBIDAS_LATAM/17148/30392,https://i.postimg.cc/Y9bdhMCm/Chicles-Beldent-Infinit-Sandia-7-uds.png,Glovo,2019-10-13,2019-10-13 05:37:46,https://i.postimg.cc/Y9bdhMCm/Chicles-Beldent-Infinit-Sandia-7-uds.png,Snacks y golosinas > Chicles > Chicles
600,237891232,Chicles Beldent Infinit Sweet Berry 14 uds,80.0,ARS,Bue/365-bue/600/365*Kioscos*Argentinos/KIOSCOYBEBIDAS_LATAM/17148/30392,https://i.postimg.cc/Y09cndsT/beldent-infinity-strawberry-14.jpg,Glovo,2019-10-13,2019-10-13 05:37:46,https://i.postimg.cc/Y09cndsT/beldent-infinity-strawberry-14.jpg,Snacks y golosinas > Chicles > Chicles
600,237891233,Chicles Beldent de frutilla,30.0,ARS,Bue/365-bue/600/365*Kioscos*Argentinos/KIOSCOYBEBIDAS_LATAM/17148/30392,https://i.postimg.cc/6QD9FxXn/Chicles-Beldent-de-frutilla.png,Glovo,2019-10-13,2019-10-13 05:37:46,https://i.postimg.cc/6QD9FxXn/Chicles-Beldent-de-frutilla.png,Snacks y golosinas > Chicles > Chicles
600,237891234,Chicles Beldent tutti frutti,30.0,ARS,Bue/365-bue/600/365*Kioscos*Argentinos/KIOSCOYBEBIDAS_LATAM/17148/30392,https://i.postimg.cc/MZBh9jHs/Chicles-Beldent-tutti-frutti.jpg,Glovo,2019-10-13,2019-10-13 05:37:46,https://i.postimg.cc/MZBh9jHs/Chicles-Beldent-tutti-frutti.jpg,Snacks y golosinas > Chicles > Chicles
600,237891235,Chicles Beldent menta suave,30.0,ARS,Bue/365-bue/600/365*Kioscos*Argentinos/KIOSCOYBEBIDAS_LATAM/17148/30392,https://i.postimg.cc/595C5nBn/Chicles-Beldent-menta-suave.png,Glovo,2019-10-13,2019-10-13 05:37:46,https://i.postimg.cc/595C5nBn/Chicles-Beldent-menta-suave.png,Snacks y golosinas > Chicles > Chicles
600,237891299,Turron Arcor 25 gr,18.0,ARS,Bue/365-bue/600/365*Kioscos*Argentinos/KIOSCOYBEBIDAS_LATAM/17148/30392,https://i.postimg.cc/506xR9Tx/Turron-Arcor.png,Glovo,2019-10-13,2019-10-13 05:37:46,https://i.postimg.cc/506xR9Tx/Turron-Arcor.png,Snacks y golosinas > Golosinas > Otros
600,237891294,Promo oblea Gallo 2 uds,45.0,ARS,Bue/365-bue/600/365*Kioscos*Argentinos/KIOSCOYBEBIDAS_LATAM/17148/30392,https://i.postimg.cc/Bvw86zGn/Promo-oblea-Gallo-2-uds.png,Glovo,2019-10-13,2019-10-13 05:37:46,https://i.postimg.cc/Bvw86zGn/Promo-oblea-Gallo-2-uds.png,Snacks y golosinas > Golosinas > Promos Golosinas
600,237891293,Promo Chococrunch Gallo 2 uds,45.0,ARS,Bue/365-bue/600/365*Kioscos*Argentinos/KIOSCOYBEBIDAS_LATAM/17148/30392,https://i.postimg.cc/brnS49WN/Promo-Chococrunch-Gallo-2-uds.jpg,Glovo,2019-10-13,2019-10-13 05:37:46,https://i.postimg.cc/brnS49WN/Promo-Chococrunch-Gallo-2-uds.jpg,Snacks y golosinas > Golosinas > Promos Golosinas
600,237891292,Promo Chocoarroz Gallo 2 uds,45.0,ARS,Bue/365-bue/600/365*Kioscos*Argentinos/KIOSCOYBEBIDAS_LATAM/17148/30392,https://i.postimg.cc/3Jp2q3QC/Promo-chocoarroz-Gallo-2-uds.jpg,Glovo,2019-10-13,2019-10-13 05:37:46,https://i.postimg.cc/3Jp2q3QC/Promo-chocoarroz-Gallo-2-uds.jpg,Snacks y golosinas > Golosinas > Promos Golosinas
600,237891291,Promo bizcocho Gallo 2 uds,45.0,ARS,Bue/365-bue/600/365*Kioscos*Argentinos/KIOSCOYBEBIDAS_LATAM/17148/30392,https://i.postimg.cc/j22JvrQN/Promo-bizcocho-Gallo-2-uds.jpg,Glovo,2019-10-13,2019-10-13 05:37:46,https://i.postimg.cc/j22JvrQN/Promo-bizcocho-Gallo-2-uds.jpg,Snacks y golosinas > Golosinas > Promos Golosinas
600,237891236,Chicles Beldent mentol,30.0,ARS,Bue/365-bue/600/365*Kioscos*Argentinos/KIOSCOYBEBIDAS_LATAM/17148/30392,https://i.postimg.cc/xTT3cWwK/Chicles-Beldent-mentol.png,Glovo,2019-10-13,2019-10-13 05:37:46,https://i.postimg.cc/xTT3cWwK/Chicles-Beldent-mentol.png,Snacks y golosinas > Chicles > Chicles
600,237891290,Promo Shot 35GR 2 uds,80.0,ARS,Bue/365-bue/600/365*Kioscos*Argentinos/KIOSCOYBEBIDAS_LATAM/17148/30392,https://i.postimg.cc/TYhrJnCS/Promo-Shot-35-GR-2-uds.jpg,Glovo,2019-10-13,2019-10-13 05:37:46,https://i.postimg.cc/TYhrJnCS/Promo-Shot-35-GR-2-uds.jpg,Snacks y golosinas > Golosinas > Promos Golosinas
600,237891289,Promo TIc Tac 2 uds,50.0,ARS,Bue/365-bue/600/365*Kioscos*Argentinos/KIOSCOYBEBIDAS_LATAM/17148/30392,https://i.postimg.cc/gkPWvKzc/Promo-TIc-Tac-2-uds.png,Glovo,2019-10-13,2019-10-13 05:37:47,https://i.postimg.cc/gkPWvKzc/Promo-TIc-Tac-2-uds.png,Snacks y golosinas > Golosinas > Promos Golosinas
600,237891288,Promo Beldent 2 uds,50.0,ARS,Bue/365-bue/600/365*Kioscos*Argentinos/KIOSCOYBEBIDAS_LATAM/17148/30392,https://i.postimg.cc/pLRPtJ4c/Promo-Beldent-2-uds.jpg,Glovo,2019-10-13,2019-10-13 05:37:47,https://i.postimg.cc/pLRPtJ4c/Promo-Beldent-2-uds.jpg,Snacks y golosinas > Golosinas > Promos Golosinas
600,237891295,Promo Chocolateobar Gallo 2 uds,45.0,ARS,Bue/365-bue/600/365*Kioscos*Argentinos/KIOSCOYBEBIDAS_LATAM/17148/30392,https://i.postimg.cc/GpbtqCb2/Promo-chocobar-Gallo-2-uds.jpg,Glovo,2019-10-13,2019-10-13 05:37:47,https://i.postimg.cc/GpbtqCb2/Promo-chocobar-Gallo-2-uds.jpg,Snacks y golosinas > Golosinas > Promos Golosinas
